,L,lambda,sd,NRMSE,median,R1
0,1.0,0.0,0.0,1.0107277431369743,0.00012082498275703755,0.1527220311497426
1,1.0,0.0,0.05,1.0107362375185354,0.00011147285922096362,0.15022593896388067
2,1.0,0.0,0.1,1.010732714843194,9.202003384031596e-05,0.15201512771505907
3,1.0,0.0,0.2,1.0107526339807855,6.045246616233586e-05,0.0502448863495863
4,1.0,0.0,0.3,1.0107417999955624,3.849432968660285e-05,0.05291775713079637
5,1.0,0.0,0.5,1.010643125069817,1.4442919642375204e-05,0.07330407112720538
6,1.0,0.0,0.7,1.0108237322761484,8.472711962008584e-06,0.11627084006673871
7,1.0,0.0,1.0,1.0107396251846301,4.542167704873597e-06,0.058954307992015696
8,1.0,0.0,1.5,1.0102876203422968,1.7330510344846225e-06,0.055411679652343185
9,1.0,0.0,2.0,1.010035980379548,-1.1850384634750596e-07,0.12584904859258225
10,1.0,0.0,3.0,1.0094938066321697,1.1457675990941392e-06,0.060409845154581567
11,1.0,0.0,5.0,1.0082786022813213,-1.2161927586154396e-07,0.06329537682210959
12,1.0,0.5,0.0,1.0092374458658124,5.124867789236653e-05,1.0000000000000002
13,1.0,0.5,0.05,0.9968410703988222,-0.1749710679026967,0.9945636061840372
14,1.0,0.5,0.1,0.9969690177610693,-0.1652992707948354,0.979858350821423
15,1.0,0.5,0.2,4.542270567334914,-0.11004296287923765,0.8862402565749964
16,1.0,0.5,0.3,294.95426907556725,-0.10182877800183326,0.5613893434632073
17,1.0,0.5,0.5,892.7666386823878,-0.023036372585064968,0.3522216927049097
18,1.0,0.5,0.7,2360.8926085292055,-0.242872536955749,0.1734774955044017
19,1.0,0.5,1.0,1843.885708272243,-0.2798037640347554,0.16712274866017202
20,1.0,0.5,1.5,1352.6278147961748,-0.34593960603928714,0.2274675730482682
21,1.0,0.5,2.0,652.777244212124,-0.2158373275189538,0.06886590604089934
22,1.0,0.5,3.0,710.9111595368094,-0.06376870141566915,0.12998795336258376
23,1.0,0.5,5.0,567.4603833799388,-0.005088359802114245,0.020079847010362556
24,1.0,1.0,0.0,1.0092370753857793,2.5627985248400257e-05,1.0
25,1.0,1.0,0.05,0.993392736754188,-0.23257847241149132,0.9986602568658136
26,1.0,1.0,0.1,0.9932541024178337,-0.1333151959854108,0.9952189082265639
27,1.0,1.0,0.2,0.9871012208398151,-0.1921209420670426,0.9811213726019659
28,1.0,1.0,0.3,0.9837821284079351,-0.11952324357165423,0.9489855867438588
29,1.0,1.0,0.5,1043.8002312949384,0.10743942366828385,0.528726678728518
30,1.0,1.0,0.7,1647.818948077255,-0.0034558711455132674,0.056216223930632796
31,1.0,1.0,1.0,7896.806764347105,0.041160936281988275,0.08104715583073684
32,1.0,1.0,1.5,1785.8420577324268,-0.16559462961480664,0.27668652877491534
33,1.0,1.0,2.0,3497.7156195673656,-0.12305948420358465,0.05216537705734369
34,1.0,1.0,3.0,2050.295484168222,-0.011950268182209622,0.19047935880088757
35,1.0,1.0,5.0,1458.4111580345934,0.006096043845732105,0.0986073182912191
36,1.0,2.0,0.0,1.0092432362574062,1.2817842847528884e-05,1.0
37,1.0,2.0,0.05,0.9864994099729244,-0.5815998964525844,0.9996662323142106
38,1.0,2.0,0.1,0.9871126516365055,-0.1944502730272588,0.9988188160191795
39,1.0,2.0,0.2,0.985695526316329,-0.07493573329006745,0.9955155871265153
40,1.0,2.0,0.3,0.9656859371874412,-0.2817078540640403,0.9895450372869287
41,1.0,2.0,0.5,0.960790636240734,-0.4367093492699776,0.9581604370931553
42,1.0,2.0,0.7,0.9596404140950798,0.17468746646212993,0.8951593805100115
43,1.0,2.0,1.0,3.5737957494146784,0.0003750323516535626,0.7259861197385115
44,1.0,2.0,1.5,1180.5714231470745,-0.004059439239364794,0.22620697314385732
45,1.0,2.0,2.0,8038.973472648939,-0.11991198068478703,0.05144212449761175
46,1.0,2.0,3.0,2594.167724485302,-0.0017357941325295391,0.07428292178071229
47,1.0,2.0,5.0,1833.0146444232716,0.0022627121831503326,0.1080185191556091
48,1.0,3.0,0.0,1.009238340361873,8.536911490826771e-06,1.0
49,1.0,3.0,0.05,0.9784768983907699,-0.898193469156766,0.9998517558319249
50,1.0,3.0,0.1,0.9797725292401076,-0.3305098451522881,0.999476162494755
51,1.0,3.0,0.2,0.9797907813089664,-0.13935044314648767,0.998023804778904
52,1.0,3.0,0.3,0.9565173077709033,-0.8268416897342694,0.9954577637002346
53,1.0,3.0,0.5,0.9469612563551382,-0.1793519839650653,0.9829674884225578
54,1.0,3.0,0.7,0.9376741230407556,-0.2496933978737045,0.9649892954410081
55,1.0,3.0,1.0,1.0289188320609328,-0.01228933656462966,0.8935629253210001
56,1.0,3.0,1.5,1.08525041470608,0.000234282450634436,0.751580531899154
57,1.0,3.0,2.0,2786.6250497888905,-0.011449122082237584,0.2165007077641761
58,1.0,3.0,3.0,1963.1424416457933,0.0028134422555256815,0.11357413242634766
59,1.0,3.0,5.0,994.9468109421783,-0.0032541333307359198,0.10290200728237034
60,1.0,4.0,0.0,1.0092349537402483,6.446663741855813e-06,1.0000000000000002
61,1.0,4.0,0.05,0.9697462618471375,-1.1841714619437667,0.999916632761207
62,1.0,4.0,0.1,0.9715815166340306,-0.41386380959482005,0.9997055664186647
63,1.0,4.0,0.2,0.9718477744960236,-0.11208217204184019,0.998891573565014
64,1.0,4.0,0.3,0.9607666534859065,-0.2937654059761443,0.9974641460436718
65,1.0,4.0,0.5,0.9275979386321721,-0.6017409950831809,0.9906669040761494
66,1.0,4.0,0.7,0.929818829622228,-0.00807156351204344,0.9814066573862036
67,1.0,4.0,1.0,0.9058884524405069,-0.9493513017351534,0.9584212351513187
68,1.0,4.0,1.5,0.9102497371992797,-1.1364480199353528,0.9003021538358504
69,1.0,4.0,2.0,1.4998970401854246,0.00023423728608939928,0.7178759037685281
70,1.0,4.0,3.0,1478.4528151575144,-0.003518134569751471,0.3744447755299597
71,1.0,4.0,5.0,559.0806780509049,-0.002146301045583443,0.16168804896750819
72,1.0,5.0,0.0,1.0092392270296044,5.164661921153051e-06,1.0000000000000002
73,1.0,5.0,0.05,0.9607939441140155,-1.4541781216694631,0.9999466514045671
74,1.0,5.0,0.1,0.9628218214906469,-0.5511853784993236,0.9998116305824486
75,1.0,5.0,0.2,0.963220081673869,-0.09266413222668808,0.9992915251966277
76,1.0,5.0,0.3,0.9584054696806222,-0.6237695903007519,0.9983825688218828
77,1.0,5.0,0.5,0.9120572806430237,-1.030973754484109,0.9940953088550509
78,1.0,5.0,0.7,0.9119191266266186,-0.16896220422736832,0.9883802896273388
79,1.0,5.0,1.0,0.8862751505742035,-0.9853659048607526,0.9752114023757391
80,1.0,5.0,1.5,0.8756281713656968,-0.06814098422115741,0.9520477759657415
81,1.0,5.0,2.0,0.8936016126761133,-0.033768471256219956,0.8658930482216156
82,1.0,5.0,3.0,2.302692486726883,-0.00012401796506535361,0.5472233765944027
83,1.0,5.0,5.0,54.34105334113071,0.00015534407220024412,0.2915150349826536
84,1.0,6.0,0.0,1.0092402474939268,4.260598990004957e-06,1.0000000000000002
85,1.0,6.0,0.05,0.9519389650830803,-1.6829149492323392,0.9999629550010156
86,1.0,6.0,0.1,0.9537508568812236,-0.644514006116648,0.999869214237835
87,1.0,6.0,0.2,0.9542391572044542,-0.15398172167267193,0.9995083426817122
88,1.0,6.0,0.3,0.9517811388747638,-0.38737018339286144,0.9988788317208214
89,1.0,6.0,0.5,0.905844857717554,-1.558651706105921,0.9959245596656192
90,1.0,6.0,0.7,0.893857593231013,0.057625891422219105,0.9920297341336378
91,1.0,6.0,1.0,0.8874289668586116,-0.9985909819360669,0.9833334452202921
92,1.0,6.0,1.5,0.8645238616677527,-0.06418285997177586,0.9689258457852554
93,1.0,6.0,2.0,0.8716936350060158,-0.21827857343803564,0.9247254411041388
94,1.0,6.0,3.0,1.0146551154044692,0.00024343507884828366,0.7446178171080104
95,1.0,6.0,5.0,12.552946940076188,7.566493704788311e-05,0.359624354506636
96,1.0,7.0,0.0,1.0092369089052937,3.6632357554396865e-06,1.0
97,1.0,7.0,0.05,0.9433407448080414,-1.8178473046109815,0.9999727845167046
98,1.0,7.0,0.1,0.944561779122988,-0.7503005939743075,0.9999039244271303
99,1.0,7.0,0.2,0.9450788226979969,-0.20636241947702177,0.9996389296469304
100,1.0,7.0,0.3,0.9436721569460058,-0.2763263619089745,0.9991771816507782
101,1.0,7.0,0.5,0.9057191697775765,-1.1357003601724784,0.9970167050948442
102,1.0,7.0,0.7,0.8769338067043644,-0.4822042505153747,0.9941866621700066
103,1.0,7.0,1.0,0.8792976337427736,-0.5173958803773949,0.9879739370926082
104,1.0,7.0,1.5,0.838782532601527,0.04223906599038153,0.9779525229101994
105,1.0,7.0,2.0,0.8252800614676882,-0.6599711452810765,0.9489616586949964
106,1.0,7.0,3.0,0.8961512999834675,0.0001848090598717552,0.8499954659734207
107,1.0,7.0,5.0,5.260679014415376,-4.9870710358317804e-05,0.38791472536295896
108,1.0,8.0,0.0,1.00923757768705,3.0905411688667067e-06,1.0000000000000002
109,1.0,8.0,0.05,0.9351156157133271,-1.9887654285014342,0.9999791637937251
110,1.0,8.0,0.1,0.9352648600232719,-0.8676639101464431,0.9999264481456855
111,1.0,8.0,0.2,0.9358862450453903,-0.22355082656949246,0.9997236271721083
112,1.0,8.0,0.3,0.9349688912944712,-0.2475650239985275,0.9993704712510464
113,1.0,8.0,0.5,0.9058410972425214,-0.8736528580444248,0.9977212784559417
114,1.0,8.0,0.7,0.8623741124234322,-0.5065704970375091,0.9955697925043224
115,1.0,8.0,1.0,0.8646522041547585,-0.7360970426323057,0.9908950611848112
116,1.0,8.0,1.5,0.8319260653658982,0.5362091549252477,0.9834665848748155
117,1.0,8.0,2.0,0.8127242201554681,-0.8626147519154369,0.9632360550304091
118,1.0,8.0,3.0,0.8249903114442275,0.00010608841741833027,0.9058142073378349
119,1.0,8.0,5.0,1.4342388655331337,1.249369667540744e-05,0.4340951596112826
120,1.0,10.0,0.0,1.009266481122864,2.483702754757576e-06,1.0000000000000002
121,1.0,10.0,0.05,0.9196577411031033,-2.2652382843067564,0.9999866653128046
122,1.0,10.0,0.1,0.9169255237543557,-1.0879638773418885,0.9999529313093294
123,1.0,10.0,0.2,0.9175649054943948,-0.3235292008741409,0.9998231734088002
124,1.0,10.0,0.3,0.9170655148012595,-0.2180172123899965,0.9995974293032743
125,1.0,10.0,0.5,0.9002486152180496,-0.3110656061692074,0.9985456173410673
126,1.0,10.0,0.7,0.84355185319366,-0.8606320366933502,0.9971799333822041
127,1.0,10.0,1.0,0.8317877470027782,-0.6831755205750296,0.9942464230568563
128,1.0,10.0,1.5,0.8274609423147455,0.18173778746405125,0.9896577695951175
129,1.0,10.0,2.0,0.7754941425714851,-0.2724338880858657,0.9777609281852968
130,1.0,10.0,3.0,0.7677509342015744,-0.04753418716878452,0.9350155870831635
131,1.0,10.0,5.0,0.8617141038174639,-0.03717067531530773,0.8124259145791095
132,2.0,0.0,0.0,1.0210937310291501,0.00012072274807210814,0.09732118163601142
133,2.0,0.0,0.05,1.0211100407878395,0.00011137853772899572,0.03981181611464741
134,2.0,0.0,0.1,1.021103277054295,9.194217213529276e-05,0.059336208007481135
135,2.0,0.0,0.2,1.0211415223605191,6.040131499566248e-05,0.08108770272857133
136,2.0,0.0,0.3,1.0211207209693065,3.846175814736254e-05,0.11132052944849763
137,2.0,0.0,0.5,1.020931245563928,1.443069893018964e-05,0.14541215798465942
138,2.0,0.0,0.7,1.0212780221944326,8.465542873148249e-06,0.10388513085344778
139,2.0,0.0,1.0,1.0211165452565583,4.538324401331497e-06,0.12055280767388483
140,2.0,0.0,1.5,1.0202483297678195,1.731584633063044e-06,0.05372414493870214
141,2.0,0.0,2.0,1.019764669395141,-1.1840357566574951e-07,0.041716882767101074
142,2.0,0.0,3.0,1.018721819850306,1.1447981208718146e-06,0.04252063353455575
143,2.0,0.0,5.0,1.016380346270002,-1.2151636909453825e-07,0.12052171919238801
144,2.0,0.5,0.0,1.021804549249822,-1.5021463528958249e-05,1.0
145,2.0,0.5,0.05,0.9951320821752657,-0.13082856259076664,0.9945636246987071
146,2.0,0.5,0.1,0.9964060145848234,-0.13613936709923383,0.9798584077534462
147,2.0,0.5,0.2,3.231079828250002,-0.26322245962553925,0.8735143544280921
148,2.0,0.5,0.3,1083.3603781353358,-0.12460879964319799,0.6447550604694823
149,2.0,0.5,0.5,1058.2259439741931,-0.08554414039080271,0.34499106015638276
150,2.0,0.5,0.7,745.7163237898521,-0.24511044296537388,0.08797247240437285
151,2.0,0.5,1.0,1682.2111514255173,-0.15789646320565187,0.12246206193750558
152,2.0,0.5,1.5,761.6894901589652,-0.025045155314162668,0.12491925024033777
153,2.0,0.5,2.0,1088.6842676400122,0.007085532676421206,0.1453005344566967
154,2.0,0.5,3.0,1188.8548273546567,0.00040157482312390066,0.11995466419500177
155,2.0,0.5,5.0,990.8151798187484,0.0036180468404177143,0.06788980057642255
156,2.0,1.0,0.0,1.0217989922531183,-7.515350563842378e-06,0.9999999999999999
157,2.0,1.0,0.05,0.9874569946650102,-0.29734000306211866,0.9986602662119239
158,2.0,1.0,0.1,0.9872134371247512,-0.11077054432277365,0.9952189392728988
159,2.0,1.0,0.2,0.9763686511214079,-0.2633667959935779,0.9811211566718041
160,2.0,1.0,0.3,0.9688598358255045,-0.04433344232552128,0.948984766448839
161,2.0,1.0,0.5,5193.149353022563,0.00612709460076916,0.6382946646695825
162,2.0,1.0,0.7,8219.185659446719,0.015024132282900005,0.31622665855987
163,2.0,1.0,1.0,2653.4323547836275,-0.4018469248082238,0.15244964400173544
164,2.0,1.0,1.5,7608.867385222784,-0.01691507912144817,0.0982560248234815
165,2.0,1.0,2.0,3377.85754249009,0.01941400486613032,0.08454346538996166
166,2.0,1.0,3.0,1877.8366253134,0.016176567994568715,0.17063350548180453
167,2.0,1.0,5.0,789.528747692975,0.025971764382905424,0.1282676346977459
168,2.0,2.0,0.0,1.0217952441915965,-3.757430889983509e-06,0.9999999999999999
169,2.0,2.0,0.05,0.9730259355858037,-0.6205863036093988,0.9996662369629916
170,2.0,2.0,0.1,0.9742556715352991,-0.2150667975356666,0.9988188319246644
171,2.0,2.0,0.2,0.9715992075900977,-0.04151557272585259,0.995515570174204
172,2.0,2.0,0.3,0.9339346145644574,-0.35411006487446517,0.9895450214839607
173,2.0,2.0,0.5,0.9219988963120155,-0.32366603660252824,0.9581609789222842
174,2.0,2.0,0.7,0.9239189400257596,0.25135037518395054,0.8951625779064958
175,2.0,2.0,1.0,2.746373738809111,-0.00047963549326598064,0.7366764319052929
176,2.0,2.0,1.5,1292.3502055156202,-0.012146352585983738,0.4181562316297195
177,2.0,2.0,2.0,5204.644499495348,-0.042946606662529835,0.35200527867850834
178,2.0,2.0,3.0,3732.9415178384334,-0.023940613939598947,0.07749129388906933
179,2.0,2.0,5.0,757.8907459195062,-0.005598927308688052,0.14819299901356678
180,2.0,3.0,0.0,1.0218371684394236,-2.507322689349025e-06,1.0000000000000002
181,2.0,3.0,0.05,0.956640090926979,-0.9823459500952466,0.9998517588598351
182,2.0,3.0,0.1,0.9591785803593704,-0.3161669145493853,0.9994761729562882
183,2.0,3.0,0.2,0.9592850444361012,-0.13625140041992062,0.9980238106530588
184,2.0,3.0,0.3,0.9159208229919638,-0.9009988822388177,0.9954577885714538
185,2.0,3.0,0.5,0.8977370717094909,-0.2592297490765366,0.9829678272427017
186,2.0,3.0,0.7,0.8806864182609037,-0.2386781974722127,0.9649904620714373
187,2.0,3.0,1.0,1.0761262289485987,0.1821303011209218,0.8997429436493591
188,2.0,3.0,1.5,2.8193088355770195,8.279848899626076e-05,0.8012937525160919
189,2.0,3.0,2.0,7898.611533320813,-0.014114784043116405,0.2129961813399026
190,2.0,3.0,3.0,2959.3867247929875,-0.0018592647842826666,0.06768727873974967
191,2.0,3.0,5.0,1680.0378637173874,-0.0004968787187134356,0.08776519146401762
192,2.0,4.0,0.0,1.0218244823668818,-1.9086272883594203e-06,1.0
193,2.0,4.0,0.05,0.9392041221299501,-1.2996664851541144,0.9999166349638575
194,2.0,4.0,0.1,0.9427598240331834,-0.4462899677128206,0.9997055740665517
195,2.0,4.0,0.2,0.94331283595203,-0.11553643772519165,0.9988915838337787
196,2.0,4.0,0.3,0.9234225501434701,-0.32682917457682764,0.9974641759657724
197,2.0,4.0,0.5,0.8615405299287633,-0.5334054516797003,0.9906671465733027
198,2.0,4.0,0.7,0.8654005485946048,0.1433810011547551,0.9814073791354081
199,2.0,4.0,1.0,0.8231234945162483,-0.7967218107196014,0.9584216937629403
200,2.0,4.0,1.5,0.8330362813714441,-0.874750017717995,0.9088875104467566
201,2.0,4.0,2.0,1.830178866186693,0.00023768644054404214,0.6799564236937695
202,2.0,4.0,3.0,218.55134534607015,-0.0016842586463436007,0.18621055324616742
203,2.0,4.0,5.0,2848.728633400547,0.005394330388430207,0.10384700710248515
204,2.0,5.0,0.0,1.0218014588234237,-1.520938248464379e-06,1.0000000000000002
205,2.0,5.0,0.05,0.9216630911285594,-1.4605154422419355,0.9999466531126244
206,2.0,5.0,0.1,0.9255304600956509,-0.5542468135322582,0.9998116365308798
207,2.0,5.0,0.2,0.9263061825063221,-0.09301179749862803,0.9992915359433867
208,2.0,5.0,0.3,0.91799074724586,-0.5171341618876324,0.9983825974286078
209,2.0,5.0,0.5,0.8338460032519756,-0.7958339125018982,0.9940954954299276
210,2.0,5.0,0.7,0.8323752564942476,-0.032638766104046535,0.9883808011371379
211,2.0,5.0,1.0,0.7874116812120686,-0.8543163784579642,0.9752119076940122
212,2.0,5.0,1.5,0.7690642003937868,-0.016650186904978603,0.9520498286274516
213,2.0,5.0,2.0,0.8001308714081482,0.2335185408758993,0.8539703362738038
214,2.0,5.0,3.0,6.876920307931557,-5.2772998403843665e-05,0.5371111116967662
215,2.0,5.0,5.0,39.90012672545231,-0.0003219059303410667,0.18430288984447027
216,2.0,6.0,0.0,1.0217992332576014,-1.2462217575361008e-06,1.0
217,2.0,6.0,0.05,0.9045943851944037,-1.6740143568838173,0.9999629563844635
218,2.0,6.0,0.1,0.9079204012199961,-0.6873993823506785,0.9998692190656181
219,2.0,6.0,0.2,0.9089463864032713,-0.139289203971024,0.9995083529007646
220,2.0,6.0,0.3,0.9048373808759516,-0.3934364985500177,0.9988788578105018
221,2.0,6.0,0.5,0.8238565801201546,-1.5361357025735969,0.9959247101247952
222,2.0,6.0,0.7,0.8001159626205069,-0.09397250328037321,0.9920301247288404
223,2.0,6.0,1.0,0.7899428165041333,-0.8125923111985588,0.9833338971588208
224,2.0,6.0,1.5,0.749405364458169,0.13222599078097635,0.9689271890763568
225,2.0,6.0,2.0,0.7539743586768864,-0.11111674739082483,0.9237072832235778
226,2.0,6.0,3.0,0.9664866698011642,0.00016005725736341765,0.7288171568300323
227,2.0,6.0,5.0,16.471826829752278,-4.8616210535622326e-05,0.3090707310205117
228,2.0,7.0,0.0,1.0217767341022588,-1.0616332868142646e-06,1.0000000000000002
229,2.0,7.0,0.05,0.8882238355122474,-1.8492041344963752,0.9999727856739969
230,2.0,7.0,0.1,0.8903025069407708,-0.8120965160846363,0.9999039284717064
231,2.0,7.0,0.2,0.8914470079938197,-0.1921550356681564,0.9996389391118435
232,2.0,7.0,0.3,0.8891289557112542,-0.2817694466852293,0.9991772052360923
233,2.0,7.0,0.5,0.8242302334225002,-0.9604768349258164,0.9970168306312389
234,2.0,7.0,0.7,0.7709323407761818,-0.27486512873793223,0.9941869754706343
235,2.0,7.0,1.0,0.7747200524499306,-0.4276349208498137,0.9879743339017086
236,2.0,7.0,1.5,0.7066006581944043,0.04799510991133604,0.9779535431707916
237,2.0,7.0,2.0,0.6852875686966711,-0.419771107212193,0.9489559040396064
238,2.0,7.0,3.0,0.863157411696753,0.00011999930623879409,0.8588383654954149
239,2.0,7.0,5.0,12.731796125170442,3.37532450287313e-05,0.3182199746889564
240,2.0,8.0,0.0,1.0218027569425376,-1.0260858279043633e-06,1.0000000000000002
241,2.0,8.0,0.05,0.8727981615778583,-1.9931795566009374,0.999979164786417
242,2.0,8.0,0.1,0.8728361103145347,-0.8846129418201223,0.9999264516189554
243,2.0,8.0,0.2,0.87408981758505,-0.24573617541547677,0.9997236358891074
244,2.0,8.0,0.3,0.8726378523607903,-0.19637389715939962,0.9993704926295794
245,2.0,8.0,0.5,0.824200532611547,-0.730981059037555,0.9977213859655983
246,2.0,8.0,0.7,0.7468417386782997,-0.41895500073504766,0.9955700528776853
247,2.0,8.0,1.0,0.748938577441214,-0.5998773764694052,0.9908954117986712
248,2.0,8.0,1.5,0.6970521096289357,0.4921258653018018,0.9834674138705184
249,2.0,8.0,2.0,0.666061758757002,-0.4922831128820011,0.9632326553714116
250,2.0,8.0,3.0,0.6836285191310777,-2.4025816781347853e-05,0.8790323271163889
251,2.0,8.0,5.0,1.4380994733214878,3.62797913663646e-05,0.6479318172559819
252,2.0,10.0,0.0,1.0217961756555727,-7.816936286856103e-07,0.9999999999999997
253,2.0,10.0,0.05,0.8447736761638938,-2.227321561862958,0.9999866660854108
254,2.0,10.0,0.1,0.8386562303466003,-0.9483444302238708,0.9999529340169977
255,2.0,10.0,0.2,0.8400357105669627,-0.34956558552092326,0.9998231808594804
256,2.0,10.0,0.3,0.839368123214904,-0.2199917600012276,0.9995974472197752
257,2.0,10.0,0.5,0.8127053535441943,-0.3011662445899105,0.9985457008836851
258,2.0,10.0,0.7,0.7179861954244262,-0.6752516489395354,0.9971801271853393
259,2.0,10.0,1.0,0.6940061282306994,-0.45366684951795366,0.994246706039855
260,2.0,10.0,1.5,0.6885458912617063,0.05690729805072475,0.9896583799989981
261,2.0,10.0,2.0,0.6085216642260735,-0.16599797230835445,0.9777593728680372
262,2.0,10.0,3.0,0.6117950298241478,0.0353236991293395,0.9446295008097917
263,2.0,10.0,5.0,0.8182312245917888,-0.020606989806460595,0.8015888126331983
264,5.0,0.0,0.0,1.0540473319710026,0.0001205164716555073,0.10806424663006842
265,5.0,0.0,0.05,1.0540873028943527,0.00011118822756777199,0.05241203999801481
266,5.0,0.0,0.1,1.0540707269250709,9.178507248253112e-05,0.03364139510216444
267,5.0,0.0,0.2,1.0541644522021145,6.0298108541085744e-05,0.1316668538515812
268,5.0,0.0,0.3,1.0541134764905247,3.8396039351414776e-05,0.12308144921288314
269,5.0,0.0,0.5,1.053649050591131,1.4406041498910933e-05,0.19879288259221822
270,5.0,0.0,0.7,1.0544989043135249,8.451077978367931e-06,0.036392285827440064
271,5.0,0.0,1.0,1.0541032432656303,4.530569862026943e-06,0.02545661576641271
272,5.0,0.0,1.5,1.0519736505095068,1.7286259108764352e-06,0.08918158841556004
273,5.0,0.0,2.0,1.0507856481205187,-1.1820126197018595e-07,0.03898597489857652
274,5.0,0.0,3.0,1.0482199716014955,1.1428420284379036e-06,0.08935595800478409
275,5.0,0.0,5.0,1.042437688805194,-1.2130873663441406e-07,0.028503130709950017
276,5.0,0.5,0.0,1.0558325911638469,-2.325182074346991e-05,0.9999999999999999
277,5.0,0.5,0.05,0.990317191359591,-0.12702278026653274,0.9945636193228787
278,5.0,0.5,0.1,0.997557748646155,-0.08432849381760874,0.9798583872584152
279,5.0,0.5,0.2,2.3954657719146897,-0.22749537227075567,0.8854780989793017
280,5.0,0.5,0.3,510.98954824381457,0.013299255908454818,0.6123010203838544
281,5.0,0.5,0.5,3519.719314523491,0.012428571964864812,0.1597831927633568
282,5.0,0.5,0.7,2253.1685207311466,-0.05794170278318367,0.12472322575537192
283,5.0,0.5,1.0,1498.38064287693,-0.031889123723347096,0.04208679753962411
284,5.0,0.5,1.5,1921.3993502784601,0.05154919065686081,0.05240152709523285
285,5.0,0.5,2.0,949.5322800926862,0.07705082564036614,0.10052169322445487
286,5.0,0.5,3.0,2420.447952735914,-0.008668392386155955,0.17318211943985218
287,5.0,0.5,5.0,950.3388698707186,-0.00469930739291714,0.02034708608685035
288,5.0,1.0,0.0,1.0558635654706878,-1.1633816924712839e-05,1.0000000000000002
289,5.0,1.0,0.05,0.9673186714617334,-0.27102573203685754,0.9986602629036182
290,5.0,1.0,0.1,0.9667439336015623,-0.10501966866117733,0.9952189273729378
291,5.0,1.0,0.2,0.9453898081734943,-0.22448914878676962,0.981121070926674
292,5.0,1.0,0.3,0.9219840822328293,0.1259811792711344,0.9489844737632388
293,5.0,1.0,0.5,4201.218307107576,0.12008652231797368,0.5265726142446824
294,5.0,1.0,0.7,7253.0913980907035,0.3714040284573529,0.3454046184529488
295,5.0,1.0,1.0,7413.26069287453,0.13725153180930194,0.1762510418822884
296,5.0,1.0,1.5,4176.950497859179,-0.14800816163986746,0.2979951385618084
297,5.0,1.0,2.0,9303.296728745674,-0.05797427790322557,0.10090900291080315
298,5.0,1.0,3.0,4328.931316532335,0.007572814367234006,0.21776832611070454
299,5.0,1.0,5.0,1563.8351509687782,0.013897437627806836,0.11403335703115572
300,5.0,2.0,0.0,1.0558957522383647,-5.8194729146023824e-06,0.9999999999999999
301,5.0,2.0,0.05,0.9300654710438881,-0.6041977177304418,0.9996662349359277
302,5.0,2.0,0.1,0.9323831916218399,-0.198076898901264,0.9988188247280505
303,5.0,2.0,0.2,0.9268111705060136,-0.08700662500277875,0.9955155358717395
304,5.0,2.0,0.3,0.8456702490827567,-0.330608378361247,0.9895449455726086
305,5.0,2.0,0.5,0.8162909771671429,-0.18690154068068693,0.9581607693156063
306,5.0,2.0,0.7,0.8083031708125075,0.11183847386381526,0.895162592293144
307,5.0,2.0,1.0,7.214960966856061,0.00023055231711110162,0.6920691563267715
308,5.0,2.0,1.5,4546.368014259316,0.016035176834022304,0.2586267638734344
309,5.0,2.0,2.0,3844.8133778828155,-0.09830186716753075,0.15977843895170718
310,5.0,2.0,3.0,5145.706616109859,0.01418578718360931,0.1973523925928767
311,5.0,2.0,5.0,2567.1880184217916,0.0037639944024560933,0.04772149723619795
312,5.0,3.0,0.0,1.0558271315897763,-3.9068741021078825e-06,1.0000000000000002
313,5.0,3.0,0.05,0.8902987194993588,-0.933319232936429,0.9998517572284378
314,5.0,3.0,0.1,0.8949256899371684,-0.2847727344601447,0.99947616718923
315,5.0,3.0,0.2,0.8952301944017396,-0.0976591396436517,0.9980237870060165
316,5.0,3.0,0.3,0.8076516267686552,-0.7355519247433525,0.9954577355416737
317,5.0,3.0,0.5,0.765672413667875,-0.3243303705307423,0.9829676567717482
318,5.0,3.0,0.7,0.7339199082284391,-0.1484909015922351,0.9649901911198928
319,5.0,3.0,1.0,0.9711970465823131,0.0007695788413480096,0.8858998200620519
320,5.0,3.0,1.5,1.8865965287305793,-0.029744755150547017,0.8131382983037965
321,5.0,3.0,2.0,774.9718409611214,-0.003953169634223687,0.30169559373623334
322,5.0,3.0,3.0,2422.001811371946,0.006952409462323471,0.060619671636234856
323,5.0,3.0,5.0,1547.1150528805674,0.0005096276471647128,0.08927069563334818
324,5.0,4.0,0.0,1.0558527764954504,-2.8951005948229246e-06,1.0000000000000002
325,5.0,4.0,0.05,0.8501461436246599,-1.1333165017740598,0.9999166335214035
326,5.0,4.0,0.1,0.8561756017911215,-0.3953330133028981,0.9997055689770338
327,5.0,4.0,0.2,0.8572651149424791,-0.05182903465263039,0.9988915645591547
328,5.0,4.0,0.3,0.8211069654620125,-0.3164709213078003,0.9974641322672718
329,5.0,4.0,0.5,0.6938556042252266,-0.31942171703150324,0.9906669938459304
330,5.0,4.0,0.7,0.6998970059673321,0.08385483060268362,0.9814071021464623
331,5.0,4.0,1.0,0.6252872963943069,-0.5771314325914553,0.9584210587120795
332,5.0,4.0,1.5,0.6645847220417407,-0.547428154546918,0.9139983052030449
333,5.0,4.0,2.0,2.583516655891753,0.0002334773217467097,0.6807515657698922
334,5.0,4.0,3.0,2756.0880343401705,-0.0008135838537700535,0.44001481214337185
335,5.0,4.0,5.0,1968.649938419077,0.0002846780810780488,0.13426822612010547
336,5.0,5.0,0.0,1.0558316086673896,-2.314155474558797e-06,0.9999999999999997
337,5.0,5.0,0.05,0.8116391253052562,-1.3417739564803535,0.9999466518000447
338,5.0,5.0,0.1,0.8173076829896702,-0.520655417016182,0.9998116319034626
339,5.0,5.0,0.2,0.818791694801393,-0.11150266191288627,0.9992915191028865
340,5.0,5.0,0.3,0.8051094979888693,-0.35466261869863536,0.9983825589972033
341,5.0,5.0,0.5,0.6483715731260135,-0.6695654217454526,0.9940953551537667
342,5.0,5.0,0.7,0.6382728195792382,0.0282950935016702,0.9883805317821521
343,5.0,5.0,1.0,0.5726851203225715,-0.5303795605994197,0.9752113621253102
344,5.0,5.0,1.5,0.5471612144866322,0.022620270755847965,0.952049184782478
345,5.0,5.0,2.0,0.6108883323234061,0.00017650055962750336,0.8780401971915204
346,5.0,5.0,3.0,6.6036302979570065,7.940554118362285e-05,0.5695646348047594
347,5.0,5.0,5.0,84.3741415121751,-0.0013369846683009752,0.23540664630476238
348,5.0,6.0,0.0,1.0559350014197588,-1.9410554204079798e-06,0.9999999999999998
349,5.0,6.0,0.05,0.7759379102814269,-1.5152520629673807,0.9999629551808997
350,5.0,6.0,0.1,0.7792445448499397,-0.6336010358038231,0.9998692148240229
351,5.0,6.0,0.2,0.7808989266148217,-0.15418762566393032,0.9995083377525422
352,5.0,6.0,0.3,0.7749447958969091,-0.3197870012637021,0.9988788231184277
353,5.0,6.0,0.5,0.6392856508589466,-1.0372359976327763,0.9959245807464584
354,5.0,6.0,0.7,0.5855010805037294,0.03465150065370137,0.992029869679697
355,5.0,6.0,1.0,0.5767552827057657,-0.4871399863117791,0.983333405675396
356,5.0,6.0,1.5,0.517399752214879,0.08621688753222062,0.9689264441406008
357,5.0,6.0,2.0,0.5414412682412818,-0.21097174305127098,0.925286343028893
358,5.0,6.0,3.0,0.9531594694634817,0.00013771203023795844,0.7506997678611268
359,5.0,6.0,5.0,26.3285710823738,-0.0004714998269110713,0.3175256571036172
360,5.0,7.0,0.0,1.055872571475564,-1.6664378963113914e-06,1.0
361,5.0,7.0,0.05,0.7435797712095986,-1.650524754549116,0.9999727845688456
362,5.0,7.0,0.1,0.7425437967700829,-0.7134753765136492,0.9999039245774296
363,5.0,7.0,0.2,0.74439199934332,-0.2003580750993666,0.9996389253158001
364,5.0,7.0,0.3,0.7413974047796998,-0.2173147383557147,0.9991771735856471
365,5.0,7.0,0.5,0.64397883091021,-0.7239802123488976,0.9970167114047925
366,5.0,7.0,0.7,0.5452251287429576,-0.057952220528197596,0.9941867375382445
367,5.0,7.0,1.0,0.5496026963733094,-0.2352612450477971,0.9879738840031083
368,5.0,7.0,1.5,0.47569391848468534,0.09572874685939253,0.9779527891211154
369,5.0,7.0,2.0,0.453537557233669,-0.2892589689127626,0.948953969685526
370,5.0,7.0,3.0,0.7235417479985085,0.00013009675483892396,0.8151489198484981
371,5.0,7.0,5.0,37.24950474856374,-3.5490636893894436e-05,0.3892944246178053
372,5.0,8.0,0.0,1.0558216463369865,-1.465628622922462e-06,1.0
373,5.0,8.0,0.05,0.7147614568191746,-1.7538096100988207,0.9999791637716561
374,5.0,8.0,0.1,0.7077954766673706,-0.6777383129550778,0.9999264480432544
375,5.0,8.0,0.2,0.7097162718025873,-0.23637927894349034,0.9997236232539397
376,5.0,8.0,0.3,0.7082270346290219,-0.14859318688956216,0.9993704636212455
377,5.0,8.0,0.5,0.642802186953818,-0.5179363123886027,0.9977212762469047
378,5.0,8.0,0.7,0.5191506304802069,-0.2885895052508088,0.9955698327338981
379,5.0,8.0,1.0,0.5141873157868008,-0.29447130137904043,0.9908949980536672
380,5.0,8.0,1.5,0.4740530276525869,0.16851835728267273,0.9834666884673164
381,5.0,8.0,2.0,0.44402763711937904,-0.27518193674224034,0.9632314140183696
382,5.0,8.0,3.0,0.4786541005775216,0.0001033126128786484,0.8873120841673688
383,5.0,8.0,5.0,1.717849078449,1.672188234250396e-05,0.5377394504387881
384,5.0,10.0,0.0,1.0559081245917978,-1.1600852336443759e-06,0.9999999999999997
385,5.0,10.0,0.05,0.6675914483103327,-1.881445391685824,0.9999866652292559
386,5.0,10.0,0.1,0.6442546713721888,-0.8123414920075268,0.9999529309998909
387,5.0,10.0,0.2,0.6461508482250878,-0.278694429454914,0.9998231701774354
388,5.0,10.0,0.3,0.6457367010687689,-0.14980332785357697,0.9995974226946106
389,5.0,10.0,0.5,0.6169555697148112,-0.2231307670754472,0.9985456081026446
390,5.0,10.0,0.7,0.5021913139581703,-0.4340981241977876,0.9971799406547214
391,5.0,10.0,1.0,0.45753356196280803,-0.3920545545001688,0.9942463549940134
392,5.0,10.0,1.5,0.4578983721426771,0.03677951548407016,0.9896577445503589
393,5.0,10.0,2.0,0.412028481442496,-0.15402264434756469,0.9777585632404017
394,5.0,10.0,3.0,0.41471806832364716,0.1243289744200706,0.9346527321963897
395,5.0,10.0,5.0,0.6820403369076641,-0.04200074620115679,0.8118875698570143
396,10.0,0.0,0.0,1.1127947053371647,0.00012042648204875909,0.09499615551258146
397,10.0,0.0,0.05,1.1128748705304539,0.00011110520335758388,0.10816522930072694
398,10.0,0.0,0.1,1.1128416263520846,9.171653660138061e-05,0.12196379305914175
399,10.0,0.0,0.2,1.1130295913327624,6.0253083964770704e-05,0.04764556932741811
400,10.0,0.0,0.3,1.1129273622677402,3.836736904241503e-05,0.0579045317872261
401,10.0,0.0,0.5,1.111995744857329,1.4395284512820347e-05,0.05906807884903443
402,10.0,0.0,0.7,1.1137001903377732,8.444767561431354e-06,0.12289215492035045
403,10.0,0.0,1.0,1.1129068394651875,4.527186887113818e-06,0.021233464287031583
404,10.0,0.0,1.5,1.108631408817332,1.7273351465203467e-06,0.11819363776586964
405,10.0,0.0,2.0,1.1062423950120381,-1.181130011296907e-07,0.07172764280072416
406,10.0,0.0,3.0,1.1010731270710081,1.14198866869959e-06,0.13459185458675538
407,10.0,0.0,5.0,1.0893723320273596,-1.2121815544368642e-07,0.05908540622942141
408,10.0,0.5,0.0,1.1136384335688732,-1.0766032145865734e-05,0.9999999999999998
409,10.0,0.5,0.05,0.9823722660990583,-0.11792544092147074,0.9945636283468077
410,10.0,0.5,0.1,1.0006581007083137,-0.09021719462183134,0.9798584186483758
411,10.0,0.5,0.2,1.948159163181077,-0.08730135298132013,0.873960656446632
412,10.0,0.5,0.3,6709.7182770208165,-0.08781790575390103,0.514828941574151
413,10.0,0.5,0.5,3630.167544170858,-0.03226508098975844,0.15012978479714376
414,10.0,0.5,0.7,1956.6923211859946,-0.0019404214519584666,0.08948596791576552
415,10.0,0.5,1.0,3177.7415357191926,-0.010207220099884055,0.07870395363505589
416,10.0,0.5,1.5,3410.415660832886,-0.04219526897579766,0.14117389715958634
417,10.0,0.5,2.0,1090.5270417805523,-0.20140598452577899,0.14166721181604117
418,10.0,0.5,3.0,1311.211548400128,-0.008718802086665561,0.15965932746531497
419,10.0,0.5,5.0,1723.7218644684442,-0.013408191482601835,0.07807436623951315
420,10.0,1.0,0.0,1.113624320509531,-5.3868442663813055e-06,0.9999999999999999
421,10.0,1.0,0.05,0.9346077051150998,-0.2542098344124284,0.9986602664898663
422,10.0,1.0,0.1,0.933685903366595,-0.0995432389505635,0.9952189399783878
423,10.0,1.0,0.2,0.8936221248168502,-0.25338649458591744,0.9811210900148611
424,10.0,1.0,0.3,0.8476743258020222,0.04721607716084847,0.9489844189007492
425,10.0,1.0,0.5,12862.810436927868,-0.0008381075944919937,0.4741712846556278
426,10.0,1.0,0.7,8653.236516384988,0.035768556087219405,0.2013564382162084
427,10.0,1.0,1.0,8739.300005072802,-0.11055830860127958,0.17509394109840903
428,10.0,1.0,1.5,2328.749798863664,0.09549910169157022,0.12495456173598178
429,10.0,1.0,2.0,2439.9904164573823,0.005609512262271611,0.11265206748609782
430,10.0,1.0,3.0,4178.019646488975,0.005898987965338089,0.11552894690951504
431,10.0,1.0,5.0,1498.2986937579074,0.012514348284596822,0.08074121660184565
432,10.0,2.0,0.0,1.1135738596409621,-2.6946755969989667e-06,1.0000000000000002
433,10.0,2.0,0.05,0.8632193807338782,-0.5819753653125783,0.9996662362992718
434,10.0,2.0,0.1,0.8677795821524773,-0.1853480232399702,0.9988188295211662
435,10.0,2.0,0.2,0.8586177963805722,-0.10320790608097054,0.9955155486559412
436,10.0,2.0,0.3,0.7188151024760291,-0.3372862850135819,0.9895449772778003
437,10.0,2.0,0.5,0.6786793709994666,-0.07413741091486031,0.958160945529933
438,10.0,2.0,0.7,0.6581931276028938,0.13474906214484775,0.8951634038050084
439,10.0,2.0,1.0,12.763279065414089,0.0001467075814877305,0.7323180377677344
440,10.0,2.0,1.5,3407.671593232365,0.006648743819466466,0.4744455691806729
441,10.0,2.0,2.0,7951.684556241685,0.006580329229359479,0.30931845605086633
442,10.0,2.0,3.0,3491.6795749572047,-0.0009225181795667337,0.2298362224527679
443,10.0,2.0,5.0,2187.4348567882284,0.0016935501783713947,0.029953720724745718
444,10.0,3.0,0.0,1.1136654597909135,-1.793777334868682e-06,1.0
445,10.0,3.0,0.05,0.7916132834584139,-0.8736276474684265,0.9998517578361739
446,10.0,3.0,0.1,0.8003953067391498,-0.2817174120430128,0.9994761693324066
447,10.0,3.0,0.2,0.8012685963915268,-0.07515043089426386,0.99802379371792
448,10.0,3.0,0.3,0.669214773507679,-0.5098330606088413,0.9954577515857337
449,10.0,3.0,0.5,0.6026017079421846,-0.29167808797588096,0.9829677340112459
450,10.0,3.0,0.7,0.5665706409541915,-0.1678781762959588,0.9649903973634426
451,10.0,3.0,1.0,0.830992341693386,0.0004049970300920464,0.9150356273767399
452,10.0,3.0,1.5,1.4866047411427497,-0.009671872905415907,0.7464306149542346
453,10.0,3.0,2.0,3748.986579730219,0.0005810240346621638,0.12660395411849515
454,10.0,3.0,3.0,1900.5878512905465,0.0013279350919173658,0.14448455652152453
455,10.0,3.0,5.0,1808.2770887433646,-0.0092276459722992,0.03446347666650571
456,10.0,4.0,0.0,1.1136653963722698,-1.3871548988440909e-06,1.0
457,10.0,4.0,0.05,0.7240601716819973,-1.0310953528812081,0.9999166337592925
458,10.0,4.0,0.1,0.7350502686054826,-0.37466369529926746,0.9997055698211542
459,10.0,4.0,0.2,0.7371404982138738,-0.03805037718047631,0.9988915678689516
460,10.0,4.0,0.3,0.6923395547710482,-0.2764983081768691,0.9974641399058788
461,10.0,4.0,0.5,0.5181122528712442,-0.3048910095662194,0.9906670249757218
462,10.0,4.0,0.7,0.5236673852090081,0.006095132395059766,0.9814071789801574
463,10.0,4.0,1.0,0.46480850743553975,-0.2657044186268727,0.9584211832458887
464,10.0,4.0,1.5,0.4933022403483024,-0.2454121497890092,0.910026354102747
465,10.0,4.0,2.0,8.85786534329085,0.0001117260856348987,0.713154696809919
466,10.0,4.0,3.0,2162.722262945858,-0.0008194024891775692,0.35859865951965164
467,10.0,4.0,5.0,997.1951980617207,0.00020485520197897986,0.08827351571915752
468,10.0,5.0,0.0,1.1137401520741397,-1.1061096974004757e-06,1.0000000000000002
469,10.0,5.0,0.05,0.6647116993307097,-1.1988900714806845,0.9999466518541058
470,10.0,5.0,0.1,0.6736301067793237,-0.47743344590787873,0.9998116321004521
471,10.0,5.0,0.2,0.6766521868236213,-0.10671496013253101,0.9992915204942862
472,10.0,5.0,0.3,0.6632151158105727,-0.21003065249952466,0.998382562011685
473,10.0,5.0,0.5,0.4882608081611362,-0.44072520872845716,0.9940953635060287
474,10.0,5.0,0.7,0.46877069155772866,-0.12670936193511262,0.9883805480732206
475,10.0,5.0,1.0,0.4395586135163164,-0.27721885643356325,0.97521140659551
476,10.0,5.0,1.5,0.430240590045563,-0.0007305054243232079,0.9520495749339624
477,10.0,5.0,2.0,0.4747587471546602,0.1029084286228292,0.8815932273136675
478,10.0,5.0,3.0,11.395443880416861,-0.00013617649168050572,0.5169408291626639
479,10.0,5.0,5.0,71.17188949996485,5.0978469282461115e-05,0.21033044535532605
480,10.0,6.0,0.0,1.1137862454305214,-9.091858364703476e-07,0.9999999999999999
481,10.0,6.0,0.05,0.6156873807112311,-1.3222335358812067,0.9999629551523334
482,10.0,6.0,0.1,0.6185752806918441,-0.564254028235804,0.9998692147292143
483,10.0,6.0,0.2,0.6218342099473689,-0.14447784444010575,0.99950833815625
484,10.0,6.0,0.3,0.6174867072196317,-0.2250491987182163,0.9988788238020149
485,10.0,6.0,0.5,0.4990044434544255,-0.5009873526191136,0.9959245787377007
486,10.0,6.0,0.7,0.441825330696078,-0.08319972918849505,0.9920298599509487
487,10.0,6.0,1.0,0.44136135632087176,-0.17603431241552614,0.9833334121440733
488,10.0,6.0,1.5,0.4239995165911743,0.02794069890073983,0.9689265642478827
489,10.0,6.0,2.0,0.4379819996810336,-0.06837868135121333,0.920942314497689
490,10.0,6.0,3.0,0.9300116841679675,7.805005494707137e-05,0.7724208136993062
491,10.0,6.0,5.0,28.393812482528638,8.626847681249516e-06,0.28443520787852444
492,10.0,7.0,0.0,1.1135618557419087,-7.680611463675968e-07,1.0000000000000002
493,10.0,7.0,0.05,0.5781895567855052,-1.409328158886567,0.9999727845135611
494,10.0,7.0,0.1,0.570716987108479,-0.5583244177639295,0.9999039243874951
495,10.0,7.0,0.2,0.5740035750185205,-0.17111881525368866,0.9996389253092183
496,10.0,7.0,0.3,0.5729671367288891,-0.11932223977181333,0.9991771733293798
497,10.0,7.0,0.5,0.5085029357687774,-0.42630260561212124,0.9970167058037854
498,10.0,7.0,0.7,0.4358928741651326,-0.06921208416304087,0.9941867193574485
499,10.0,7.0,1.0,0.43032128173470635,-0.11440411142508142,0.987973873982057
500,10.0,7.0,1.5,0.425591098424307,0.027086546235224607,0.9779527946689965
501,10.0,7.0,2.0,0.4232948733139817,-0.030735996743482097,0.948953767929139
502,10.0,7.0,3.0,0.7642179854560422,7.520794529369662e-05,0.8176403016678621
503,10.0,7.0,5.0,17.549895232828103,5.3377631990309993e-05,0.34626543041267666
504,10.0,8.0,0.0,1.1137696754631712,-7.48101649375228e-07,0.9999999999999999
505,10.0,8.0,0.05,0.551641912222062,-1.467234594123888,0.9999791637198724
506,10.0,8.0,0.1,0.530887526436688,-0.5768661336277627,0.9999264478646996
507,10.0,8.0,0.2,0.5341705639743065,-0.17922229142713764,0.9997236231819013
508,10.0,8.0,0.3,0.5341213020157551,-0.1129170121226128,0.9993704632412393
509,10.0,8.0,0.5,0.5034889181759821,-0.28171018651580537,0.997721270685302
510,10.0,8.0,0.7,0.4409359236538888,-0.1319680091377523,0.9955698149497639
511,10.0,8.0,1.0,0.42765302081251927,-0.11516074446476687,0.990894984915244
512,10.0,8.0,1.5,0.4275373390657982,-0.06039190870735324,0.9834666567356714
513,10.0,8.0,2.0,0.4229567212906834,0.0415116936505972,0.9632316490663981
514,10.0,8.0,3.0,0.4497393041903228,0.07868731820715372,0.8972416195027403
515,10.0,8.0,5.0,1.7084375907911233,1.886194136592542e-05,0.5814679264780753
516,10.0,10.0,0.0,1.1131987288755243,-4.719879744213668e-07,1.0000000000000002
517,10.0,10.0,0.05,0.5282448663994247,-1.5110343777880142,0.9999866652220908
518,10.0,10.0,0.1,0.476798215045881,-0.6618163392301739,0.9999529309770849
519,10.0,10.0,0.2,0.47874839700837246,-0.23138765858876723,0.9998231704639136
520,10.0,10.0,0.3,0.47928250325380656,-0.07661879728833416,0.9995974232017044
521,10.0,10.0,0.5,0.47438254111391953,-0.09394186845301217,0.998545607153632
522,10.0,10.0,0.7,0.45308069253709576,-0.06653939320893615,0.9971799339023997
523,10.0,10.0,1.0,0.43848086292621746,-0.1379156763104823,0.9942463548224063
524,10.0,10.0,1.5,0.4344698252437848,0.009579610502214841,0.9896577242369488
525,10.0,10.0,2.0,0.4240401905172407,0.009040921568562121,0.9777588941124682
526,10.0,10.0,3.0,0.428712556318743,0.018372301053712348,0.9433684677111119
527,10.0,10.0,5.0,0.8025679158051786,3.958455746289607e-05,0.8121054570194106
528,20.0,0.0,0.0,1.2714931911812366,0.00012045208587577123,0.06352519369578748
529,20.0,0.0,0.05,1.2716757311076248,0.00011112882539119742,0.21338298795850935
530,20.0,0.0,0.1,1.2716000340845113,9.173603641817626e-05,0.11202481087747472
531,20.0,0.0,0.2,1.272028001825218,6.026589434926867e-05,0.1840032174624561
532,20.0,0.0,0.3,1.271795250399565,3.8375526313666e-05,0.060364647300502
533,20.0,0.0,0.5,1.2696732264494275,1.4398345088602232e-05,0.10654332574313753
534,20.0,0.0,0.7,1.2735542869221639,8.44656300014319e-06,0.10399325644442783
535,20.0,0.0,1.0,1.2717485223431824,4.528149410538378e-06,0.12282835266727911
536,20.0,0.0,1.5,1.2619956125899885,1.7277023945668817e-06,0.03050057444697257
537,20.0,0.0,2.0,1.2565299107047083,-1.1813811308843398e-07,0.13056678955418086
538,20.0,0.0,3.0,1.2446633572848065,1.1422314664615583e-06,0.07252468935240836
539,20.0,0.0,5.0,1.2175939171879917,-1.2124392758806787e-07,0.030075305674487414
540,20.0,0.5,0.0,1.274699205385267,-1.8675164552275546e-05,1.0000000000000002
541,20.0,0.5,0.05,0.9700963625191599,-0.11926743355343117,0.9945636317869717
542,20.0,0.5,0.1,1.037389918886617,-0.08585965617188596,0.9798584372791294
543,20.0,0.5,0.2,147.56702282248662,-0.14905858712057068,0.9034548333505098
544,20.0,0.5,0.3,2171.1140802029267,-0.04612042485355494,0.5609388939084179
545,20.0,0.5,0.5,2248.9173903498177,0.27954887868285644,0.044291652176737834
546,20.0,0.5,0.7,3122.518029474558,-0.02321523195565911,0.15777708806135887
547,20.0,0.5,1.0,938.8621255791959,-0.04172002369088308,0.049323551345179434
548,20.0,0.5,1.5,766.5467689581806,0.05084576409682957,0.08574079130503022
549,20.0,0.5,2.0,2000.900032537006,-0.05049738260510206,0.10958083783898336
550,20.0,0.5,3.0,818.2154411853708,0.014704105020609311,0.03210979793405733
551,20.0,0.5,5.0,962.6894960158127,-0.002264014460776835,0.020315932056924613
552,20.0,1.0,0.0,1.2749267918668667,-9.355816452231344e-06,0.9999999999999998
553,20.0,1.0,0.05,0.8742743288719624,-0.2425843853911694,0.9986602657927304
554,20.0,1.0,0.1,0.8732312916674053,-0.09203990678740738,0.9952189391987739
555,20.0,1.0,0.2,0.8195205784666884,-0.2136769653830537,0.9811213247011966
556,20.0,1.0,0.3,0.7293140473719262,0.04876639027363561,0.9489849838012628
557,20.0,1.0,0.5,2747.8122298163153,0.008833936673534581,0.5981386363192777
558,20.0,1.0,0.7,10150.366040314258,0.022828138672630893,0.1513965110751788
559,20.0,1.0,1.0,6012.348976070515,0.006235630063604745,0.11273677068547971
560,20.0,1.0,1.5,6763.968597485209,-0.0795660756805385,0.04178792650445624
561,20.0,1.0,2.0,1767.4318267512654,-0.07639999879071377,0.12355758657389061
562,20.0,1.0,3.0,3221.3435121490534,0.0059325825042452485,0.11211586664988221
563,20.0,1.0,5.0,1435.2507203517491,-0.00024423544864410254,0.017592918850009662
564,20.0,2.0,0.0,1.2750114935285253,-4.682420311760796e-06,0.9999999999999998
565,20.0,2.0,0.05,0.7501065409662709,-0.514566777668381,0.9996662347785787
566,20.0,2.0,0.1,0.7611478785818692,-0.15743268267636965,0.9988188246048826
567,20.0,2.0,0.2,0.7507796434928308,-0.06262691606939882,0.9955155926281835
568,20.0,2.0,0.3,0.5768397813028309,-0.22370403635274957,0.989545060164901
569,20.0,2.0,0.5,0.5514623517233933,-0.11552676742893597,0.9581608172682147
570,20.0,2.0,0.7,0.5469250874861967,0.0022623960047243874,0.8951623758068619
571,20.0,2.0,1.0,85.85031850536296,0.00032179933526488215,0.7603837806937659
572,20.0,2.0,1.5,3406.035767223714,-0.010021851793732736,0.2871565250108635
573,20.0,2.0,2.0,4591.864083886696,-0.00844448879799703,0.2097111900712069
574,20.0,2.0,3.0,4298.168057053613,0.02560760056020809,0.10234404128525444
575,20.0,2.0,5.0,1193.3712165631093,0.001652681073528205,0.037909827518306044
576,20.0,3.0,0.0,1.2747749421654708,-3.109582742452751e-06,1.0
577,20.0,3.0,0.05,0.6440068613398436,-0.7349735727364793,0.9998517561416685
578,20.0,3.0,0.1,0.6630983888800241,-0.23228768796738153,0.9994761635768832
579,20.0,3.0,0.2,0.6660685073473774,-0.02730652210549936,0.998023802883772
580,20.0,3.0,0.3,0.559167129025499,-0.2885700694172365,0.9954577623937201
581,20.0,3.0,0.5,0.5129904714609915,-0.11025363282959744,0.9829675670199156
582,20.0,3.0,0.7,0.5089928490253783,-0.06188262426420332,0.9649897080904427
583,20.0,3.0,1.0,0.8245513517320741,-0.053195398734055675,0.9019328712788682
584,20.0,3.0,1.5,1.6314069072884818,8.97232520552744e-05,0.7742368587038128
585,20.0,3.0,2.0,3596.71594989736,-3.9615766304911215e-05,0.215162849321663
586,20.0,3.0,3.0,1948.7398340292566,-0.003925845423994366,0.15072289304265202
587,20.0,3.0,5.0,984.8412226153224,-0.0011559829876687938,0.13369983204041527
588,20.0,4.0,0.0,1.2746134354649448,-2.332432811966421e-06,1.0
589,20.0,4.0,0.05,0.5689861753326292,-0.8275519919206034,0.9999166320584949
590,20.0,4.0,0.1,0.5883480198435879,-0.3153670928323775,0.999705563959276
591,20.0,4.0,0.2,0.5930623435836385,-0.05803174352344248,0.9988915652741172
592,20.0,4.0,0.3,0.574576425468436,-0.10114030611698564,0.9974641274124176
593,20.0,4.0,0.5,0.5066981810636468,-0.14405934564267808,0.990666848932052
594,20.0,4.0,0.7,0.5081687474236966,-0.03080016235859223,0.981406617820603
595,20.0,4.0,1.0,0.506161991458764,-0.010277153644676212,0.9584209326909794
596,20.0,4.0,1.5,0.5464000539405341,-0.0817386061660415,0.9119807301237952
597,20.0,4.0,2.0,2.558215333440657,0.00014587443786462967,0.6564037960614532
598,20.0,4.0,3.0,535.171049597425,-0.0003552056227810762,0.27513772885804355
599,20.0,4.0,5.0,620.7695350449982,-1.4238290878772208e-05,0.12630937317758117
600,20.0,5.0,0.0,1.274840692336281,-1.9239792252133863e-06,1.0
601,20.0,5.0,0.05,0.5323647287924349,-0.9215366311126099,0.9999466502470806
602,20.0,5.0,0.1,0.5423217658964959,-0.3795042669272748,0.999811626526374
603,20.0,5.0,0.2,0.5470610241032899,-0.09313887456819925,0.9992915131723826
604,20.0,5.0,0.3,0.5461319291108894,-0.0823724836086993,0.9983825406448659
605,20.0,5.0,0.5,0.5217983276765644,-0.125131014797354,0.9940951934353023
606,20.0,5.0,0.7,0.5193325536818478,-0.03614977747797549,0.9883800622687315
607,20.0,5.0,1.0,0.5031740669022696,0.05811711488692954,0.9752109899345781
608,20.0,5.0,1.5,0.4919266309820816,-0.05237795336825571,0.9520484898503662
609,20.0,5.0,2.0,0.5145085506133459,0.004099249198942279,0.8691652301371445
610,20.0,5.0,3.0,8.295974633324736,-4.642328961997401e-05,0.5030268224678279
611,20.0,5.0,5.0,48.31536303279774,-0.0002645695465536639,0.1503759261940648
612,20.0,6.0,0.0,1.274773089005829,-1.5609275921501466e-06,0.9999999999999998
613,20.0,6.0,0.05,0.5311319738629484,-0.9764507048920049,0.9999629536856611
614,20.0,6.0,0.1,0.5246003928830671,-0.4277147502919265,0.9998692096244621
615,20.0,6.0,0.2,0.5286637673908867,-0.12202027608873664,0.9995083290520949
616,20.0,6.0,0.3,0.52920713893779,-0.03181379943969107,0.998878799562763
617,20.0,6.0,0.5,0.5284991314928378,-0.04217583353842835,0.9959244218532349
618,20.0,6.0,0.7,0.5278063670569739,-0.0361290832645067,0.9920294387234446
619,20.0,6.0,1.0,0.5119453838503335,0.1052453258342941,0.9833329722398152
620,20.0,6.0,1.5,0.48789784215396725,-0.07143195791752158,0.968925483500269
621,20.0,6.0,2.0,0.47636052871278683,0.13580140749396685,0.9138058548426041
622,20.0,6.0,3.0,1.3383281792825248,6.67521464875624e-05,0.7736473049686101
623,20.0,6.0,5.0,22.49141514607767,-0.00010321529122054495,0.27063801758980605
624,20.0,7.0,0.0,1.2740189970174116,-1.3352637221651317e-06,0.9999999999999997
625,20.0,7.0,0.05,0.5549093265914214,-1.0017549455611885,0.9999727831997255
626,20.0,7.0,0.1,0.530641088932852,-0.3816155222736254,0.999903919805006
627,20.0,7.0,0.2,0.5335877130058571,-0.13356366547614323,0.9996389157978931
628,20.0,7.0,0.3,0.5332529384623281,-0.029338027845392467,0.9991771489713648
629,20.0,7.0,0.5,0.5287632625547041,0.042053028642941415,0.997016564516065
630,20.0,7.0,0.7,0.526540018277896,-0.01397688170819944,0.9941863551845608
631,20.0,7.0,1.0,0.5231341384575778,0.08460410013037839,0.987973449427014
632,20.0,7.0,1.5,0.45883521078518374,-0.08701586773423609,0.9779517722695661
633,20.0,7.0,2.0,0.4361799919090437,0.10934829877873459,0.9489591351972029
634,20.0,7.0,3.0,1.1230617956287583,4.8170960321474124e-05,0.8064233009562668
635,20.0,7.0,5.0,25.326587809412597,-5.839950703314943e-05,0.40036044133482496
636,20.0,8.0,0.0,1.2746223775347212,-1.1796977499517873e-06,0.9999999999999999
637,20.0,8.0,0.05,0.593046537366474,-1.0063727818606378,0.9999791625530459
638,20.0,8.0,0.1,0.5529983924415713,-0.40387934602323083,0.9999264437891359
639,20.0,8.0,0.2,0.5545966789024751,-0.1447386870222534,0.9997236139091178
640,20.0,8.0,0.3,0.5535422865097231,-0.012126983656333176,0.9993704400036109
641,20.0,8.0,0.5,0.5384065544586105,0.06347535418501826,0.9977211448698418
642,20.0,8.0,0.7,0.5176486967077265,-0.0274859371541073,0.9955695000821042
643,20.0,8.0,1.0,0.5192035854639458,0.06160094058834109,0.9908945905632003
644,20.0,8.0,1.5,0.4628061636395798,-0.13506675972929338,0.9834657320722399
645,20.0,8.0,2.0,0.43038797552494074,0.07696176209468847,0.9632357779786423
646,20.0,8.0,3.0,0.4637042890994249,0.012187056583791697,0.9000661699170478
647,20.0,8.0,5.0,6.267883941160054,7.080640450573094e-06,0.5533655604916119
648,20.0,10.0,0.0,1.2747659816561296,-9.387830435305851e-07,1.0
649,20.0,10.0,0.05,0.681535386227455,-0.9766208565246279,0.9999866643038993
650,20.0,10.0,0.1,0.6209113846436313,-0.4319354077735117,0.9999529277641027
651,20.0,10.0,0.2,0.6201024792108835,-0.14737961310586173,0.9998231623208186
652,20.0,10.0,0.3,0.6185278378626493,-0.019276145880897676,0.9995974032786171
653,20.0,10.0,0.5,0.5944025178986257,0.032783913850696456,0.9985455079626488
654,20.0,10.0,0.7,0.5099429813607181,0.06709258633791082,0.9971796955977515
655,20.0,10.0,1.0,0.48547082154915455,0.1306555840606321,0.9942460288025443
656,20.0,10.0,1.5,0.4810402888227098,-0.05568733837197454,0.9896569978180603
657,20.0,10.0,2.0,0.402603520633659,0.05310824084842175,0.9777612990599293
658,20.0,10.0,3.0,0.4044100466141209,0.10591920775973673,0.9362949847872708
659,20.0,10.0,5.0,1.5527573576818647,-0.02117330515559325,0.79894359027417
660,50.0,0.0,0.0,1.6259704075049153,0.00012083168051016948,0.09152548620922782
661,50.0,0.0,0.05,1.6263623930762703,0.00011147903855304323,0.1446818893531798
662,50.0,0.0,0.1,1.6261998456613194,9.202513483396637e-05,0.047816463054585916
663,50.0,0.0,0.2,1.6271187625604822,6.045581725484446e-05,0.2177198765515203
664,50.0,0.0,0.3,1.6266190300874244,3.8496463562489574e-05,0.07833189437017622
665,50.0,0.0,0.5,1.622060372006736,1.4443720264134558e-05,0.10389234724281056
666,50.0,0.0,0.7,1.6303944404377326,8.473181634188828e-06,0.1356769418897659
667,50.0,0.0,1.0,1.6265186952983823,4.5424194931815854e-06,0.09070523090569893
668,50.0,0.0,1.5,1.6055282588664623,1.7331471035899447e-06,0.06751050593986359
669,50.0,0.0,2.0,1.5937215088402654,-1.1851041543189486e-07,0.10565209163671424
670,50.0,0.0,3.0,1.5679773372322034,1.1458311130160964e-06,0.03692242726025016
671,50.0,0.0,5.0,1.508653458008581,-1.2162601764513223e-07,0.07635923104765165
672,50.0,0.5,0.0,1.6238088988574257,1.4045521875589786e-05,1.0
673,50.0,0.5,0.05,0.881228513965191,-0.10449370605846013,0.9945633929683666
674,50.0,0.5,0.1,1.0213998799622355,-0.13851819984310434,0.9798576702082932
675,50.0,0.5,0.2,5.419511728961018,-0.1354190483348725,0.8936147875052145
676,50.0,0.5,0.3,3345.976902201238,0.006327848264423452,0.543077586525381
677,50.0,0.5,0.5,3039.909965195115,-0.13210126033493463,0.04970300484877166
678,50.0,0.5,0.7,3115.7081731894614,-0.000261571673849598,0.114253200135935
679,50.0,0.5,1.0,962.9315178236822,-0.018726929465370246,0.04640205643524292
680,50.0,0.5,1.5,456.45356216707813,0.015834280421485408,0.08680702040479286
681,50.0,0.5,2.0,831.5603093754938,-0.002822249907700837,0.04896761779296036
682,50.0,0.5,3.0,2577.3767053401093,0.0075715659625600115,0.09534041968221844
683,50.0,0.5,5.0,549.9574680982928,-0.0007446831155836983,0.07065016623043475
684,50.0,1.0,0.0,1.6230737834974711,7.028267333351556e-06,0.9999999999999999
685,50.0,1.0,0.05,0.725433631817375,-0.2183977110427624,0.9986601480686599
686,50.0,1.0,0.1,0.7290113271063828,-0.08796720724473533,0.9952185402101478
687,50.0,1.0,0.2,0.6389150660055033,-0.1026448295233307,0.9811228724379906
688,50.0,1.0,0.3,0.581203123469654,0.0019693628611361924,0.9489921418546245
689,50.0,1.0,0.5,2482.9851091440796,0.00941033206072283,0.5631268335054518
690,50.0,1.0,0.7,12128.44058144216,0.013828619273643011,0.07773368743085957
691,50.0,1.0,1.0,4637.831485179207,-0.019913347261893394,0.02596180905820916
692,50.0,1.0,1.5,1569.0646762972854,0.005603871726392779,0.22629513593190748
693,50.0,1.0,2.0,1330.213462345947,-0.009550783437107468,0.1807051511864137
694,50.0,1.0,3.0,1281.6309576455376,0.0021401735103829048,0.05229180328840278
695,50.0,1.0,5.0,498.54889466449305,0.0009469328592077307,0.17671321003794832
696,50.0,2.0,0.0,1.6234042849235089,3.504471595918733e-06,1.0
697,50.0,2.0,0.05,0.5234487792220501,-0.41836671765874006,0.9996661817815746
698,50.0,2.0,0.1,0.5299713637642757,-0.12394433763689286,0.9988186411817418
699,50.0,2.0,0.2,0.5299674707915176,-0.024130257214344406,0.995515499153203
700,50.0,2.0,0.3,0.4880395395532952,-0.08038465819544688,0.9895446850447697
701,50.0,2.0,0.5,0.4930429218575227,-0.01435228949610784,0.9581543991201491
702,50.0,2.0,0.7,0.5103535606705026,-0.007212655973480642,0.8951283171353385
703,50.0,2.0,1.0,21.40701248720985,2.625566083995463e-05,0.6913415780274412
704,50.0,2.0,1.5,2101.154371101617,-0.0016217409684854966,0.3621365768133679
705,50.0,2.0,2.0,2956.042422267692,-0.002435956444576226,0.11981704238040956
706,50.0,2.0,3.0,1036.2691948733234,0.000768405344485832,0.2005399036770032
707,50.0,2.0,5.0,1366.4112055692292,1.7350268315456403e-05,0.0953491552452237
708,50.0,3.0,0.0,1.6231325806064454,2.3403951180693474e-06,0.9999999999999998
709,50.0,3.0,0.05,0.5322754338177026,-0.5267090143464016,0.9998517246635714
710,50.0,3.0,0.1,0.515684740700868,-0.18122984589394683,0.9994760538939619
711,50.0,3.0,0.2,0.5143980623372741,-0.05872566232897619,0.998023615143049
712,50.0,3.0,0.3,0.5043464626192667,-0.0008791717383407338,0.9954572569549147
713,50.0,3.0,0.5,0.4996538566907044,0.007348054306678176,0.9829639439864724
714,50.0,3.0,0.7,0.46765572375325754,-0.017653245941856854,0.9649785394633629
715,50.0,3.0,1.0,5.875963854755449,0.012999714743302956,0.9112541348360421
716,50.0,3.0,1.5,2.6586758195990745,2.1569848895604313e-05,0.7377225432690008
717,50.0,3.0,2.0,335.8744808050412,-0.00012828247990146532,0.19675988923891427
718,50.0,3.0,3.0,493.48881981231835,4.75238478120294e-05,0.10502577953372763
719,50.0,3.0,5.0,536.2193927331464,-0.00020967365841292798,0.08030784878632989
720,50.0,4.0,0.0,1.6238426390954803,1.7459103811071996e-06,0.9999999999999998
721,50.0,4.0,0.05,0.6533515555864534,-0.5431080726109535,0.9999166111002618
722,50.0,4.0,0.1,0.6157465467686143,-0.2061861444884804,0.9997054906872092
723,50.0,4.0,0.2,0.6120788788487829,-0.07064483645765182,0.9988913988817902
724,50.0,4.0,0.3,0.5781920073354162,0.01435603691341475,0.9974637084632609
725,50.0,4.0,0.5,0.46649467160854663,0.04007922034558353,0.9906644867138064
726,50.0,4.0,0.7,0.4673595492426844,-0.021274883587988125,0.9814003073836639
727,50.0,4.0,1.0,0.39455179908109095,0.06352173044200218,0.9584157025732544
728,50.0,4.0,1.5,0.4210070979228486,-0.02419221849720938,0.9059122728597996
729,50.0,4.0,2.0,2.8676376045941745,3.0495168767125368e-05,0.6899674864187137
730,50.0,4.0,3.0,338.136252599875,-0.00014851617745127195,0.34780916453034105
731,50.0,4.0,5.0,889.7732037106158,4.811258116970557e-05,0.1945851228040489
732,50.0,5.0,0.0,1.6229801949355276,1.4173572353223004e-06,0.9999999999999998
733,50.0,5.0,0.05,0.7858522491203432,-0.5656638037282204,0.9999466354150137
734,50.0,5.0,0.1,0.7366417402379866,-0.22552505299079412,0.9998115745681391
735,50.0,5.0,0.2,0.7324527888722331,-0.07732233489923354,0.9992913783274074
736,50.0,5.0,0.3,0.7090006288418063,0.04500948405547242,0.9983822109304284
737,50.0,5.0,0.5,0.4689659014753528,0.14056130509198295,0.994093539053873
738,50.0,5.0,0.7,0.41883189188705067,0.0033236551947843918,0.9883759575043547
739,50.0,5.0,1.0,0.39852146232155766,0.05958498710014176,0.9752057321413274
740,50.0,5.0,1.5,0.38330453885512766,0.006883774568707229,0.952026752747111
741,50.0,5.0,2.0,0.537438040795495,0.018739850095979144,0.8712730401238736
742,50.0,5.0,3.0,5.625982404266396,9.61881913678599e-06,0.5872073277759714
743,50.0,5.0,5.0,34.84597593027948,4.437037802721631e-06,0.13405204421610925
744,50.0,6.0,0.0,1.6235176112939516,1.1660231533604853e-06,0.9999999999999998
745,50.0,6.0,0.05,0.9020791957362733,-0.5707214924588645,0.9999629427654766
746,50.0,6.0,0.1,0.847059617337003,-0.2126891858437846,0.9998691713188059
747,50.0,6.0,0.2,0.8416460203859946,-0.07871885961312908,0.9995082214597472
748,50.0,6.0,0.3,0.827431414862109,0.01988498432787847,0.9988785408335118
749,50.0,6.0,0.5,0.5888306137300301,0.2631068153745182,0.995923211544143
750,50.0,6.0,0.7,0.41139850285264384,-0.011440753733622744,0.992026573474892
751,50.0,6.0,1.0,0.39831772311300784,0.025449353348867998,0.9833287876039283
752,50.0,6.0,1.5,0.39174489221517733,-0.005451162053949271,0.9689132248783598
753,50.0,6.0,2.0,0.4504833650483192,0.0006007712306880211,0.9146539913313895
754,50.0,6.0,3.0,2.29455334448795,3.7148151565889306e-05,0.7346167225766016
755,50.0,6.0,5.0,17.40096560316087,-4.379386192404286e-05,0.2628359186357102
756,50.0,7.0,0.0,1.623305810742,1.0103802234374595e-06,1.0
757,50.0,7.0,0.05,0.9980831790015916,-0.5647177186623924,0.9999727749174427
758,50.0,7.0,0.1,0.9395304058635758,-0.21893211716007754,0.9999038907246197
759,50.0,7.0,0.2,0.9337159065664942,-0.07583376726575557,0.9996388296840688
760,50.0,7.0,0.3,0.9250573976140885,0.01928329147406776,0.9991769441299176
761,50.0,7.0,0.5,0.7506871616135249,0.2003570331417113,0.9970156506221542
762,50.0,7.0,0.7,0.47534445803931863,0.005045329907274576,0.9941842623726551
763,50.0,7.0,1.0,0.4080617640642071,0.03187965407606025,0.9879701731641206
764,50.0,7.0,1.5,0.39615540434113095,-0.01647160824321947,0.9779435089744647
765,50.0,7.0,2.0,0.37186381912198946,-0.06619844712410522,0.94899293630054
766,50.0,7.0,3.0,2.2068008176315854,0.007164503423519125,0.8306718599598921
767,50.0,7.0,5.0,15.057602433565325,6.915570164447798e-08,0.38860329852785186
768,50.0,8.0,0.0,1.623643139865185,8.704979057616769e-07,0.9999999999999999
769,50.0,8.0,0.05,1.075215483112908,-0.5516257108833519,0.9999791561155689
770,50.0,8.0,0.1,1.015881092260908,-0.22295339664839361,0.999926421169697
771,50.0,8.0,0.2,1.0114747978630358,-0.0794657990978462,0.9997235443264115
772,50.0,8.0,0.3,1.0047995260953213,0.016802188115563804,0.9993702757544248
773,50.0,8.0,0.5,0.887169049983796,0.14697082943301676,0.9977204368778815
774,50.0,8.0,0.7,0.5887395485853544,0.03842076563834862,0.9955679189462269
775,50.0,8.0,1.0,0.46550530598067463,0.07726321380422146,0.9908920025321453
776,50.0,8.0,1.5,0.39789652587266633,-0.02481815658609149,0.9834597462633328
777,50.0,8.0,2.0,0.38452022576608047,-0.06703548839586904,0.9632492712443268
778,50.0,8.0,3.0,0.6189576533108206,0.004245691672999208,0.881561880266383
779,50.0,8.0,5.0,3.2841578637126405,-8.140975664099456e-07,0.5823982478835047
780,50.0,10.0,0.0,1.6244063673329436,7.018038496989238e-07,0.9999999999999997
781,50.0,10.0,0.05,1.1914061709828618,-0.5171820636848588,0.9999866601662268
782,50.0,10.0,0.1,1.1339934909747553,-0.2279074434581472,0.9999529132104622
783,50.0,10.0,0.2,1.1273642348517285,-0.07696123701808188,0.9998231151811381
784,50.0,10.0,0.3,1.123908108486221,-0.0015216500215517459,0.999597293138297
785,50.0,10.0,0.5,1.0709888815712763,0.051494391190581634,0.9985450549905732
786,50.0,10.0,0.7,0.8366860177735541,0.08510694561007748,0.9971787194366357
787,50.0,10.0,1.0,0.6295117752067488,0.12211611673636436,0.9942443402186112
788,50.0,10.0,1.5,0.5759944667459556,-0.00782376499626547,0.9896534556124335
789,50.0,10.0,2.0,0.3810031757786748,-0.06269033477654956,0.9777638432107393
790,50.0,10.0,3.0,0.42379276209015077,-0.008646656707137197,0.9327287849563161
791,50.0,10.0,5.0,1.3361491915655215,6.269001264158819e-06,0.7803480440031001
792,100.0,0.0,0.0,1.9532277526478286,0.00012144663687208347,0.129693683131709
793,100.0,0.0,0.05,1.9538111816343884,0.00011204639591899892,0.12810195984488776
794,100.0,0.0,0.1,1.9535692499016917,9.249348420958711e-05,0.08797379440101688
795,100.0,0.0,0.2,1.9549368906527858,6.076349889329066e-05,0.07229578525150578
796,100.0,0.0,0.3,1.9541931458232362,3.8692386064593246e-05,0.14693074738762565
797,100.0,0.0,0.5,1.9474067812997373,1.4517229608940764e-05,0.07523422193526746
798,100.0,0.0,0.7,1.9598110875068913,8.516304736752637e-06,0.10597550768328937
799,100.0,0.0,1.0,1.954043814335284,4.565537517809067e-06,0.13522783028873317
800,100.0,0.0,1.5,1.922768588819538,1.741967719449837e-06,0.049848522431572125
801,100.0,0.0,2.0,1.9051460541900542,-1.1911355803170983e-07,0.07222087530105344
802,100.0,0.0,3.0,1.86664117694839,1.1516626642256233e-06,0.16172988551194206
803,100.0,0.0,5.0,1.7774709922597434,-1.2224501667758252e-07,0.15010567820678114
804,100.0,0.5,0.0,1.948663332566331,9.349564772698973e-06,1.0
805,100.0,0.5,0.05,0.9082238820385036,-0.14773503050939055,0.9945632425368374
806,100.0,0.5,0.1,0.615563855505181,-0.10904746766355769,0.9798571971426101
807,100.0,0.5,0.2,273.3643241105552,-0.06658928486826254,0.901649101299411
808,100.0,0.5,0.3,484.646117351673,-0.011758616767479857,0.6006899521502582
809,100.0,0.5,0.5,1935.9005635156939,0.002714536098708198,0.19615401959500756
810,100.0,0.5,0.7,1031.6207578249598,-0.012050994612344268,0.05681372870670724
811,100.0,0.5,1.0,1558.0082159406131,0.027424508732130537,0.08815224986573605
812,100.0,0.5,1.5,890.8798382484545,-0.019200147804366186,0.10575375896835296
813,100.0,0.5,2.0,925.1000001384083,-0.002050798475554345,0.04578364501987105
814,100.0,0.5,3.0,788.0057053326669,-7.316037739576228e-05,0.25735635869165047
815,100.0,0.5,5.0,489.29194083436005,-0.0003746549997821094,0.06886075190134201
816,100.0,1.0,0.0,1.9481969805739063,4.668701402466479e-06,0.9999999999999999
817,100.0,1.0,0.05,0.5459589710051687,-0.22884765478059693,0.9986600952562915
818,100.0,1.0,0.1,0.5670967185140219,-0.05336693716190797,0.9952183616935313
819,100.0,1.0,0.2,0.4136088451677908,-0.0592332674563002,0.9811242033378169
820,100.0,1.0,0.3,0.5890392258108806,-0.027907149606137827,0.9490011105634728
821,100.0,1.0,0.5,2150.468954392489,0.001967407490977957,0.5640947194816595
822,100.0,1.0,0.7,5945.524709189701,-0.006478802447345444,0.1920867223982262
823,100.0,1.0,1.0,3821.654829226727,0.016685039326927303,0.09355705472361914
824,100.0,1.0,1.5,1473.0763943032011,-0.009542808959882687,0.0751811414197075
825,100.0,1.0,2.0,1050.4559287152124,0.000908142138515533,0.17068010771793324
826,100.0,1.0,3.0,1063.3951389516799,-0.005471852168817484,0.13152378532020315
827,100.0,1.0,5.0,456.5789577557851,7.2956593996365005e-06,0.15602434474576682
828,100.0,2.0,0.0,1.9480857678440076,2.334635567465361e-06,1.0000000000000002
829,100.0,2.0,0.05,0.5042081135207959,-0.35367874294844026,0.9996661733332174
830,100.0,2.0,0.1,0.4874251160676192,-0.11215305998003156,0.9988186119915208
831,100.0,2.0,0.2,0.4752192170988149,-0.005740537696499265,0.9955155625800527
832,100.0,2.0,0.3,0.4169597992889569,0.01990596211828105,0.9895448112377393
833,100.0,2.0,0.5,0.36272355860627115,-0.016285057968305344,0.9581526538188531
834,100.0,2.0,0.7,0.35163038115592526,-0.04255451170335173,0.8951025922364849
835,100.0,2.0,1.0,4.212783327803409,4.3539988921219536e-05,0.6716738240019366
836,100.0,2.0,1.5,434.654463341246,-0.0031775736447603557,0.43891883851289243
837,100.0,2.0,2.0,1611.4104511260828,-8.929363115472988e-06,0.1272938301703393
838,100.0,2.0,3.0,2372.1909942331804,0.0012614091469296193,0.03789700165077242
839,100.0,2.0,5.0,1925.3400510854196,0.0001767502353643858,0.09202102268536176
840,100.0,3.0,0.0,1.9481231200953881,1.5508837154084234e-06,0.9999999999999999
841,100.0,3.0,0.05,0.7798829205180992,-0.41007705535007355,0.9998517257688871
842,100.0,3.0,0.1,0.7408833242088648,-0.13789906981467073,0.9994760577765911
843,100.0,3.0,0.2,0.7331107367408861,-0.027132943085368476,0.99802364435225
844,100.0,3.0,0.3,0.4978819759788653,0.1334242705425933,0.9954573180114453
845,100.0,3.0,0.5,0.35847136408330993,0.02074732652670458,0.9829638778836562
846,100.0,3.0,0.7,0.35845825799473247,-0.01278369422268344,0.9649770077386919
847,100.0,3.0,1.0,5.142237325087646,9.981301792447148e-05,0.9086035565761431
848,100.0,3.0,1.5,2.676404663555432,1.1532013156294763e-05,0.7744268761976559
849,100.0,3.0,2.0,1296.702688493573,0.00019940669672590208,0.32885580809014797
850,100.0,3.0,3.0,1033.7323736533417,0.00046076137649392335,0.2213051383192282
851,100.0,3.0,5.0,413.7237549284301,0.00011329165508663919,0.16967065440877718
852,100.0,4.0,0.0,1.9479419671255749,1.1713457596332242e-06,1.0
853,100.0,4.0,0.05,0.9981359877724285,-0.40503028190620277,0.9999166146842604
854,100.0,4.0,0.1,0.9480136016272086,-0.1471600221540202,0.9997055032374066
855,100.0,4.0,0.2,0.9417483173778474,-0.040799181518125296,0.9988914365711596
856,100.0,4.0,0.3,0.8441848891657535,0.058417112933983495,0.9974637965433935
857,100.0,4.0,0.5,0.42555048115954186,0.06012258358106315,0.9906648238059926
858,100.0,4.0,0.7,0.3892679189143108,0.03228971681450932,0.9814008384449766
859,100.0,4.0,1.0,0.34195086471025127,-0.04819764601706239,0.9584188228289017
860,100.0,4.0,1.5,0.4654765077218085,8.315899456948293e-05,0.9057904660206066
861,100.0,4.0,2.0,2.5184426684588956,5.997197152064595e-06,0.666145102049997
862,100.0,4.0,3.0,87.5151516022119,2.2924898798107893e-05,0.3616930592714277
863,100.0,4.0,5.0,528.596700035876,2.8029160282073366e-05,0.065081348142292
864,100.0,5.0,0.0,1.9477742298530742,9.599872905730106e-07,0.9999999999999998
865,100.0,5.0,0.05,1.15799598597182,-0.41070720533949356,0.9999466394428582
866,100.0,5.0,0.1,1.1015273393570633,-0.15114356242782012,0.9998115886908553
867,100.0,5.0,0.2,1.0953820202146278,-0.05067691776844848,0.9992914194660154
868,100.0,5.0,0.3,1.0567691935277312,0.06265441018379894,0.998382308317835
869,100.0,5.0,0.5,0.6522939615792229,0.20314600191790694,0.9940939602392226
870,100.0,5.0,0.7,0.5380781984432108,0.04260622779391654,0.9883768566088084
871,100.0,5.0,1.0,0.3504355049102375,-0.10853867503527498,0.9752073182348114
872,100.0,5.0,1.5,0.317681827968916,-0.026797375063622786,0.9520231812930964
873,100.0,5.0,2.0,0.6851606304476587,2.6174996397900217e-05,0.8551521592368134
874,100.0,5.0,3.0,5.478847397618486,5.495359363026452e-06,0.5375727621693361
875,100.0,5.0,5.0,72.33286000570021,-5.2549119203927804e-05,0.2589217036770675
876,100.0,6.0,0.0,1.9486654034726374,8.085266258610504e-07,0.9999999999999997
877,100.0,6.0,0.05,1.2788037276160822,-0.4061268856866028,0.9999629465894769
878,100.0,6.0,0.1,1.2173591882280805,-0.15325055416819572,0.9998691847405207
879,100.0,6.0,0.2,1.2103524945065502,-0.053182540566786396,0.9995082615838741
880,100.0,6.0,0.3,1.1923090012184732,0.026818943275912,0.9988786356466914
881,100.0,6.0,0.5,0.9010614069605629,0.2745815589276583,0.9959236217928429
882,100.0,6.0,0.7,0.7013494514925113,0.020356474866729646,0.9920274753131073
883,100.0,6.0,1.0,0.5720843954787174,-0.09207433081975208,0.9833302305956507
884,100.0,6.0,1.5,0.3270344049373593,-0.005371999855512177,0.9689150794066718
885,100.0,6.0,2.0,0.4082670485071737,-0.03891527999493849,0.9106589264775007
886,100.0,6.0,3.0,2.002489853802558,1.0332595800174124e-05,0.7933385451245547
887,100.0,6.0,5.0,4.818988709973832,-6.17291547669427e-06,0.37947294517572094
888,100.0,7.0,0.0,1.948610208864731,6.618965434770462e-07,0.9999999999999998
889,100.0,7.0,0.05,1.3714814486431581,-0.3955938947204781,0.9999727783528752
890,100.0,7.0,0.1,1.3081272727322377,-0.15430326683983786,0.9999039027917825
891,100.0,7.0,0.2,1.300074886515761,-0.05636019101308781,0.9996388668037878
892,100.0,7.0,0.3,1.2900575951478657,0.014431577720913455,0.9991770314893097
893,100.0,7.0,0.5,1.101212773291386,0.2039257185992006,0.9970160223723816
894,100.0,7.0,0.7,0.8523612724536841,-0.0002715433715053672,0.9941850767349961
895,100.0,7.0,1.0,0.7535091848837195,-0.029704423484745945,0.9879714961215331
896,100.0,7.0,1.5,0.4446967796089823,-0.008293950591047872,0.9779459667467181
897,100.0,7.0,2.0,0.3315241762790849,-0.012486196777640401,0.9490000649364286
898,100.0,7.0,3.0,2.3036474721457822,1.3466923009200497e-05,0.8310016918891344
899,100.0,7.0,5.0,7.433333125341316,-1.0695326987214403e-06,0.3546505245894377
900,100.0,8.0,0.0,1.9494674609835452,5.775964678686954e-07,1.0000000000000002
901,100.0,8.0,0.05,1.4447472922638829,-0.381994890839411,0.9999791591427012
902,100.0,8.0,0.1,1.3789278224213228,-0.15473566905443362,0.9999264318089595
903,100.0,8.0,0.2,1.3734563699483266,-0.05801849154900547,0.9997235778649597
904,100.0,8.0,0.3,1.366002017881267,0.027691605387776416,0.9993703543722035
905,100.0,8.0,0.5,1.2452520546976558,0.14029183125817535,0.9977207654775307
906,100.0,8.0,0.7,0.9894817545244572,0.028325894751401348,0.9955686316769957
907,100.0,8.0,1.0,0.8776799362111045,0.03658809881943935,0.9908931896650514
908,100.0,8.0,1.5,0.681706727039832,-0.03959623189972722,0.9834620863159638
909,100.0,8.0,2.0,0.3653907874974045,0.022358407430178917,0.963248820163433
910,100.0,8.0,3.0,0.6313282204742993,0.041111044497047305,0.8982322645397627
911,100.0,8.0,5.0,3.472246365057039,5.62513287378502e-06,0.5513560845346214
912,100.0,10.0,0.0,1.9481265702848982,4.6873780029208297e-07,1.0
913,100.0,10.0,0.05,1.5491693095763874,-0.3502316518709333,0.9999866625008406
914,100.0,10.0,0.1,1.4870921158953865,-0.15428324189537312,0.9999529214226864
915,100.0,10.0,0.2,1.4799820854416097,-0.056137049169388074,0.9998231420362144
916,100.0,10.0,0.3,1.4752860557153917,-0.002355424759838104,0.9995973556880468
917,100.0,10.0,0.5,1.4262848859876838,0.038915468655145835,0.9985453087329189
918,100.0,10.0,0.7,1.2198679890401534,0.07999092664737195,0.9971792586666137
919,100.0,10.0,1.0,1.0569299385948512,0.09401337494323114,0.9942452749101754
920,100.0,10.0,1.5,1.0029034704120006,0.008116133146949478,0.9896552928866448
921,100.0,10.0,2.0,0.6891934487926397,-0.08889367269454906,0.9777635307041189
922,100.0,10.0,3.0,0.6118093494502808,0.0607221222159203,0.9317753320416678
923,100.0,10.0,5.0,1.5336744196581802,0.001701736669064896,0.7829902508807138
924,200.0,0.0,0.0,2.410151572454951,0.00012291104471741983,0.11124357354927011
925,200.0,0.0,0.05,2.41108679658332,0.00011339745532625338,0.17223057262563235
926,200.0,0.0,0.1,2.4106989880984195,9.36087739154822e-05,0.07779634582536261
927,200.0,0.0,0.2,2.4128912168117886,6.149618731333433e-05,0.10411904608554827
928,200.0,0.0,0.3,2.4116990641007194,3.9158940225063354e-05,0.09043299007146982
929,200.0,0.0,0.5,2.4008193775535025,1.4692278877322515e-05,0.019544612724197188
930,200.0,0.0,0.7,2.420703139834955,8.618994640655958e-06,0.07487261117124294
931,200.0,0.0,1.0,2.411459695178073,4.620588930770786e-06,0.03802343449620198
932,200.0,0.0,1.5,2.361292978534815,1.762972427858287e-06,0.014194813090127186
933,200.0,0.0,2.0,2.3329951868720977,-1.2054983352982256e-07,0.06087788959212047
934,200.0,0.0,3.0,2.2710873935933438,1.1655494533875936e-06,0.11180969657647845
935,200.0,0.0,5.0,2.1273051908577907,-1.2371905141486787e-07,0.10797896263566992
936,200.0,0.5,0.0,2.408557305526908,5.9069306028717206e-06,1.0
937,200.0,0.5,0.05,0.9032949255304318,-0.12518887352463026,0.9945633965283144
938,200.0,0.5,0.1,0.588056829912977,-0.07665938782716028,0.9798576485919142
939,200.0,0.5,0.2,4.741681384408382,-0.012482670481705066,0.8938084308959655
940,200.0,0.5,0.3,1444.0626141399396,-0.0019906997668235754,0.6852744570915893
941,200.0,0.5,0.5,1417.549497722028,0.0009051235081087004,0.08824785801156476
942,200.0,0.5,0.7,1004.0638325298142,-0.01768904226876436,0.11520540015324113
943,200.0,0.5,1.0,489.77009599392215,-0.0006531635791451702,0.032485776323360305
944,200.0,0.5,1.5,488.77474321732905,0.0031638836232117384,0.08794078256378327
945,200.0,0.5,2.0,592.2029187800744,0.0019232120403082642,0.06767066914720711
946,200.0,0.5,3.0,1286.363722541534,-0.010196828084420795,0.12703678719705616
947,200.0,0.5,5.0,565.3163173369945,-0.00034572318822059973,0.1933274928401043
948,200.0,1.0,0.0,2.408540809375225,2.949763244408503e-06,1.0000000000000002
949,200.0,1.0,0.05,0.6575832472563736,-0.19661951324313715,0.9986602003153677
950,200.0,1.0,0.1,0.6506780907534294,-0.062091969400278814,0.9952187081557986
951,200.0,1.0,0.2,0.5971983216272632,0.003373840051520277,0.9811217223734696
952,200.0,1.0,0.3,1.2661249168725164,-0.024438380457996345,0.9489982997842044
953,200.0,1.0,0.5,1270.4323274093565,0.00018844877046422792,0.46098418595976504
954,200.0,1.0,0.7,438.7748659082556,-0.003607787404666274,0.21116811488674836
955,200.0,1.0,1.0,1629.002286142692,-3.231543337216605e-05,0.11159722742650165
956,200.0,1.0,1.5,1036.1664867351917,0.002463812058959264,0.08674661672521804
957,200.0,1.0,2.0,1145.7664152192083,0.005133139660633779,0.15519160564207493
958,200.0,1.0,3.0,587.013259447743,-0.0005745395861655872,0.1352828732451289
959,200.0,1.0,5.0,568.9711873138798,0.002843288765962765,0.03995133886125242
960,200.0,2.0,0.0,2.4089277194135907,1.4768096806854008e-06,1.0
961,200.0,2.0,0.05,1.2896440355061212,-0.2834908963946994,0.9996662266641644
962,200.0,2.0,0.1,1.271306100382456,-0.09741774475186069,0.998818794897445
963,200.0,2.0,0.2,1.224268308149394,0.02745842668243567,0.9955153900496106
964,200.0,2.0,0.3,0.4624003579430184,0.06981323232756978,0.9895446477944682
965,200.0,2.0,0.5,0.4045561774076215,0.017956158903745065,0.9581591753225912
966,200.0,2.0,0.7,0.3885867822630934,0.010743053907178154,0.8951313109949327
967,200.0,2.0,1.0,3.956572083462849,1.167625010148305e-05,0.65905652269294
968,200.0,2.0,1.5,691.8830518034805,-0.0007215798391749803,0.37249424995286157
969,200.0,2.0,2.0,1058.895181632951,0.0005119907785132369,0.306954366567221
970,200.0,2.0,3.0,1176.1918868776004,-0.00039367139480556146,0.20809692030684634
971,200.0,2.0,5.0,574.5668021467146,-0.00036912673509157876,0.07434197799853362
972,200.0,3.0,0.0,2.408390874501154,9.831947119380188e-07,1.0
973,200.0,3.0,0.05,1.6512881823549328,-0.30007520426012896,0.999851755179078
974,200.0,3.0,0.1,1.6266712901785152,-0.10397925681668205,0.9994761596782861
975,200.0,3.0,0.2,1.6183408248672932,-0.017926998304853357,0.998023722419258
976,200.0,3.0,0.3,1.2069469132323158,0.16625326115565575,0.9954575983501504
977,200.0,3.0,0.5,0.7936102907750564,0.07319930319299622,0.9829673776499303
978,200.0,3.0,0.7,0.5379790148657732,0.020900057585481913,0.9649897788976748
979,200.0,3.0,1.0,2.0135722289030493,0.03020012133001161,0.9156448855229632
980,200.0,3.0,1.5,3.903106864512848,-2.0738728673522424e-05,0.7808465187952663
981,200.0,3.0,2.0,337.42632627198003,7.048020343413189e-05,0.31667508109995385
982,200.0,3.0,3.0,1597.9646624244647,-0.0001460473571183226,0.20840273963474845
983,200.0,3.0,5.0,1134.4445149333683,0.00019871807960485078,0.12932045730270803
984,200.0,4.0,0.0,2.4072911863413164,7.496548346654901e-07,1.0
985,200.0,4.0,0.05,1.8563085687505463,-0.2861764085234206,0.9999166323636197
986,200.0,4.0,0.1,1.8275763739922042,-0.10999858103364146,0.9997055647791737
987,200.0,4.0,0.2,1.8244295367288215,-0.025093749917057654,0.9988915325920403
988,200.0,4.0,0.3,1.7048964763876524,0.050331915928697665,0.9974640643037674
989,200.0,4.0,0.5,1.1968255556517506,0.09495668662766032,0.9906668666244116
990,200.0,4.0,0.7,1.098854418786541,0.02534017947975721,0.9814071021708624
991,200.0,4.0,1.0,0.37240136368760896,-0.026343704024134218,0.9584202632791832
992,200.0,4.0,1.5,0.46922684378724067,-0.016671806496187158,0.9105109391081879
993,200.0,4.0,2.0,3.970488492381997,1.6805278717599316e-05,0.6003759745496694
994,200.0,4.0,3.0,1033.3047410358963,-2.822439745668202e-05,0.3681826509884094
995,200.0,4.0,5.0,592.4803135697845,9.446155393944868e-05,0.15640565537329257
996,200.0,5.0,0.0,2.408503878807311,5.990191804427875e-07,1.0000000000000002
997,200.0,5.0,0.05,1.983207610322424,-0.2750797140024879,0.9999466508745625
998,200.0,5.0,0.1,1.9540870542893118,-0.10558626929816238,0.999811628592024
999,200.0,5.0,0.2,1.9505523729522773,-0.03160628380662675,0.999291500043383
1000,200.0,5.0,0.3,1.9118747881892482,0.06644805228207187,0.9983825176685517
1001,200.0,5.0,0.5,1.5090573674486836,0.1614611187828428,0.994095255536803
1002,200.0,5.0,0.7,1.3824208333813135,0.026878871509694258,0.9883804464993068
1003,200.0,5.0,1.0,0.9439798473027923,-0.11222767914421028,0.9752105805311089
1004,200.0,5.0,1.5,0.3781569982584532,0.0215754500795326,0.9520489093427194
1005,200.0,5.0,2.0,0.8141972993197815,-0.005971930451819124,0.8647899447560408
1006,200.0,5.0,3.0,9.764422511392823,-2.1018218082518875e-06,0.4738957997574544
1007,200.0,5.0,5.0,16.722450165932965,-7.021586029607395e-06,0.2473012041614382
1008,200.0,6.0,0.0,2.41022643828388,4.950109412275106e-07,0.9999999999999998
1009,200.0,6.0,0.05,2.069048958846034,-0.2610658190297083,0.9999629544314802
1010,200.0,6.0,0.1,2.039710844939217,-0.10189194789561182,0.9998692121610351
1011,200.0,6.0,0.2,2.0368193060400483,-0.038113732611213855,0.9995083251768682
1012,200.0,6.0,0.3,2.021805020175553,0.028807099444364714,0.9988787952717886
1013,200.0,6.0,0.5,1.7570795592919402,0.2545391718722308,0.9959244990908505
1014,200.0,6.0,0.7,1.5742682594893753,0.011351358261926847,0.9920297523640154
1015,200.0,6.0,1.0,1.416473929107013,-0.10833434770473267,0.9833329356316552
1016,200.0,6.0,1.5,0.9426713603539502,-0.05019327086658015,0.9689265156408615
1017,200.0,6.0,2.0,0.6462135814621149,-0.018827496737090985,0.9206482890952362
1018,200.0,6.0,3.0,2.8444419752892984,-1.3320694874199853e-05,0.7628031044062431
1019,200.0,6.0,5.0,7.370224869693657,-6.910178512440344e-06,0.3914338493639845
1020,200.0,7.0,0.0,2.407898571730048,4.328473879528286e-07,1.0
1021,200.0,7.0,0.05,2.128865960874143,-0.24617587768640853,0.9999727839942109
1022,200.0,7.0,0.1,2.0986908058554348,-0.09882868137751491,0.9999039225425379
1023,200.0,7.0,0.2,2.0966034323534357,-0.03539073622382971,0.9996389167780518
1024,200.0,7.0,0.3,2.091389058046957,0.022929279132696018,0.9991771543810883
1025,200.0,7.0,0.5,1.9322837486154345,0.14190764288059546,0.9970166481422759
1026,200.0,7.0,0.7,1.7257412498457185,-0.008734286153339155,0.9941866282267777
1027,200.0,7.0,1.0,1.6328574965526659,-0.03509435692001853,0.9879735734193335
1028,200.0,7.0,1.5,1.2721719271970908,-0.0047438293469379,0.977952551585462
1029,200.0,7.0,2.0,0.49600950270351546,0.01978667441234172,0.9489445818797478
1030,200.0,7.0,3.0,2.0617433081578063,8.717397237707686e-06,0.8342635809169316
1031,200.0,7.0,5.0,4.805165265051329,1.4951251333838236e-06,0.35526203131427236
1032,200.0,8.0,0.0,2.4084037232420292,4.2672935743533995e-07,0.9999999999999999
1033,200.0,8.0,0.05,2.174093118995852,-0.23198505121900465,0.9999791633596667
1034,200.0,8.0,0.1,2.1439852488518847,-0.09636183997537179,0.9999264465870352
1035,200.0,8.0,0.2,2.1396321878760785,-0.036809301565167075,0.9997236175684768
1036,200.0,8.0,0.3,2.1380051650199827,0.020328717835962167,0.9993704506888881
1037,200.0,8.0,0.5,2.0442534431005464,0.10201351076003257,0.9977212305335689
1038,200.0,8.0,0.7,1.844117204615196,0.045173506537308394,0.9955697465632205
1039,200.0,8.0,1.0,1.7544215282384077,0.02725304067376566,0.9908947891403321
1040,200.0,8.0,1.5,1.5515498391566067,-0.006558902794026988,0.9834664118191276
1041,200.0,8.0,2.0,1.100975580663475,0.0781871714241435,0.9632276396918948
1042,200.0,8.0,3.0,1.0923110080723126,2.3845370927514228e-05,0.9070664842202014
1043,200.0,8.0,5.0,7.961782637219171,-2.490451893298192e-06,0.5643832693156093
1044,200.0,10.0,0.0,2.4103222171740795,2.591612761586549e-07,1.0
1045,200.0,10.0,0.05,2.229931043753912,-0.2059579830183268,0.9999866650756212
1046,200.0,10.0,0.1,2.206038338547349,-0.09242267536551478,0.9999529304579626
1047,200.0,10.0,0.2,2.2065451497640676,-0.032531653628423585,0.9998231682565063
1048,200.0,10.0,0.3,2.1987804403408284,-0.000203556495463858,0.9995974182379307
1049,200.0,10.0,0.5,2.16505753392873,0.023904063145435556,0.998545590677282
1050,200.0,10.0,0.7,2.0240815706203166,0.08638629445353752,0.9971799043205157
1051,200.0,10.0,1.0,1.9109212664545836,0.07701467580330384,0.9942462768393203
1052,200.0,10.0,1.5,1.863521627335888,0.007441308645141642,0.9896575973763506
1053,200.0,10.0,2.0,1.570897994268025,-0.0629716793539381,0.9777579687890691
1054,200.0,10.0,3.0,1.5205014295421209,0.05193667903212899,0.9366620370654885
1055,200.0,10.0,5.0,2.70959364881533,0.008417294670478692,0.7959159817401179
